P,profile,card,d_final,d_loss_pp,loss%,base_loss%,cost,buy_day,buy_frac,d_income,d_prestige_end,d_trucksSpawned,d_trucksFull,d_delivered,d_served,d_spawned,d_quota,d_lost,d_missed,d_packed,d_phone,d_earlyEnd,d_wrongDelivery,d_drops,b_trucksSpawned,b_trucksFull,b_delivered,b_served,b_quota,b_earlyEnd
1,zayif,fast_hangar,3,11.5,30.5,19.0,85,6.9,0.7,-13,-0.2,1.9,-0.3,-0.2,-0.6,-0.5,-0.5,0.2,0.0,-0.5,0.0,-0.1,0.1,-0.1,38.4,12.7,23.1,39.7,75.7,14.6
1,zayif,overtime,9,22.0,41.0,19.0,120,1,1.0,-92,0.4,-1.5,-1.2,-1.8,-1.2,-2.9,-3.6,-1.3,-0.8,-2.1,0.2,0.4,-0.1,-0.4,38.4,12.7,23.1,39.7,75.7,14.6
1,zayif,prestige_master,-13,11.0,30.0,19.0,113,7.4,0.55,-4,1.5,-0.3,-0.2,-0.3,-0.3,-0.5,-0.5,-0.2,0.0,-0.4,-0.1,-0.2,0.0,0.0,38.4,12.7,23.1,39.7,75.7,14.6
1,zayif,extra_hangar,33,15.5,34.5,19.0,200,1,1.0,75,-1.2,25.6,-0.3,1.5,-3.3,-3.8,-3.8,-0.2,0.0,-2.8,0.0,-0.7,0.4,-0.5,38.4,12.7,23.1,39.7,75.7,14.6
1,zayif,gambler_case,-15,2.0,21.0,19.0,33,10.3,0.1,7,-0.0,-0.1,-0.2,-0.1,0.0,0.0,0.0,0.0,0.0,-0.1,0.0,0.0,0.1,0.0,38.4,12.7,23.1,39.7,75.7,14.6
1,orta,fast_hangar,-105,0.0,0.0,0.0,119,5.6,0.99,27,-0.7,2.8,-0.1,0.5,-0.7,-0.1,0,0.7,0.1,-0.8,-0.1,0.0,0.3,0.1,41.5,22.3,37.1,48.5,77,15.2
1,orta,overtime,-23,0.0,0.0,0.0,120,1,1.0,87,0.5,1.2,0.6,1.2,0.9,0.4,0,-0.6,-0.4,0.9,-0.6,0.6,-0.2,-0.3,41.5,22.3,37.1,48.5,77,15.2
1,orta,prestige_master,-288,0.5,0.5,0.0,367,6.0,0.99,69,6.1,0.2,0.2,0.1,0.0,-0.1,0,0.0,0.1,0.1,-0.5,0.0,0.0,-0.2,41.5,22.3,37.1,48.5,77,15.2
1,orta,extra_hangar,186,0.0,0.0,0.0,200,1,1.0,411,-2.4,27.8,2.2,7.3,-2.2,-0.1,0,1.9,0.1,-0.2,-1.2,-0.1,0.5,-0.1,41.5,22.3,37.1,48.5,77,15.2
1,orta,gambler_case,-10,0.5,0.5,0.0,340,7.9,0.97,369,-0.3,0.2,0.2,0.5,-0.2,-0.2,-0.1,0.1,0.0,0.2,-0.4,0.0,0.1,-0.2,41.5,22.3,37.1,48.5,77,15.2
1,iyi,fast_hangar,-73,0.0,0.0,0.0,120,5.0,1.0,42,0.3,2.4,-0.1,0.6,0.1,0.0,0,-0.2,0.0,0.6,-0.3,-0.1,0.2,0.3,48.9,33.4,53.4,59.0,77,15.4
1,iyi,overtime,-227,0.0,0.0,0.0,120,1,1.0,-86,-1.3,-0.5,-0.7,-0.8,-1.4,0.4,0,1.7,-0.4,-0.8,0.4,0.5,0.2,-0.1,48.9,33.4,53.4,59.0,77,15.4
1,iyi,prestige_master,-251,0.0,0.0,0.0,375,5.1,1.0,120,9.9,-0.1,-0.1,-0.2,-0.2,0.0,0,0.1,0.0,-0.1,-0.1,0.0,0.0,0.1,48.9,33.4,53.4,59.0,77,15.4
1,iyi,extra_hangar,284,0.0,0.0,0.0,200,1.0,1.0,499,-2.9,24.0,2.8,8.7,-3.2,0.0,0,3.1,0.0,-0.1,-0.9,-0.1,0.5,0.2,48.9,33.4,53.4,59.0,77,15.4
1,iyi,gambler_case,237,0.0,0.0,0.0,350,5.5,1.0,613,-0.1,0.0,0.2,0.0,-0.2,0.0,0,0.1,0.0,0.0,0.0,0.0,0.0,0.0,48.9,33.4,53.4,59.0,77,15.4
2,zayif,fast_hangar,-59,4.5,28.5,24.0,83,10.5,0.43,-90,0.5,1.8,-0.8,-1.4,0.6,0.0,0.0,-0.8,0.0,-0.8,-0.1,-0.1,-0.3,-0.1,53.2,8.9,48.5,86.9,145.2,7.7
2,zayif,overtime,62,13.0,37.0,24.0,147,4.6,0.77,-119,-0.7,-0.9,-0.3,-1.8,-3.1,-5.3,-5.7,-1.6,-0.4,-3.5,-0.3,3.9,-0.6,-0.5,53.2,8.9,48.5,86.9,145.2,7.7
2,zayif,prestige_master,-76,0.5,24.5,24.0,87,10.6,0.27,-10,1.0,0.0,-0.1,-0.3,0.1,0.0,0.0,-0.1,0.0,0.0,0.0,0.0,0.1,0.1,53.2,8.9,48.5,86.9,145.2,7.7
2,zayif,extra_hangar,-17,2.5,26.5,24.0,123,6.3,0.39,59,-1.0,11.9,-0.7,1.1,-1.7,-1.4,-1.3,0.4,0.0,-1.2,-0.2,-0.2,0.7,0.3,53.2,8.9,48.5,86.9,145.2,7.7
2,zayif,gambler_case,-8,0.0,24.0,24.0,22,13.4,0.04,14,0.0,0.0,0.0,0.1,0.0,0.0,0.0,0.0,0.0,0.1,0.0,0.0,0.0,0.0,53.2,8.9,48.5,86.9,145.2,7.7
2,orta,fast_hangar,-62,0.0,0.0,0.0,192,6.0,1.0,119,-0.8,4.5,-1.6,1.7,-0.7,0.0,0,1.0,0.0,-0.4,-0.1,0.0,-0.5,0.0,56.8,22.6,82.8,113.4,151,12.6
2,orta,overtime,-101,0.0,0.0,0.0,192,3.0,1.0,97,-1.9,0.7,0.4,1.6,-1.2,0.2,0,2.1,-0.2,0.3,-1.5,3.2,0.0,0.2,56.8,22.6,82.8,113.4,151,12.6
2,orta,prestige_master,-237,0.0,0.0,0.0,600,6.3,1.0,354,16.3,-0.1,-0.2,0.3,-0.1,0.0,0,0.4,0.0,0.3,-0.2,0.0,-0.2,0.1,56.8,22.6,82.8,113.4,151,12.6
2,orta,extra_hangar,672,0.0,0.0,0.0,320,3.5,1.0,1033,-5.2,39.1,-4.4,15.1,-5.2,0.0,0,5.3,0.0,-0.9,-1.9,-0.2,0.9,0.7,56.8,22.6,82.8,113.4,151,12.6
2,orta,gambler_case,285,0.0,0.0,0.0,560,7.7,1.0,959,-0.1,0.1,0.1,0.4,0.1,0.0,0,0.2,0.0,0.6,-0.5,0.0,0.1,-0.3,56.8,22.6,82.8,113.4,151,12.6
2,iyi,fast_hangar,-77,0.0,0.0,0.0,192,5.0,1.0,115,-0.8,3.9,-1.6,1.8,-1.0,0.0,0,0.9,0.0,-0.3,-0.2,-0.1,0.1,-0.1,61.0,35.9,110.2,129.9,151,15.0
2,iyi,overtime,-238,0.0,0.0,0.0,192,2.4,1.0,-39,-1.8,0.5,0.1,0.3,-1.6,0.0,0,1.7,0.0,-1.1,-1.0,1.0,0.2,-0.1,61.0,35.9,110.2,129.9,151,15.0
2,iyi,prestige_master,40,0.0,0.0,0.0,600,5.1,1.0,643,20.3,0.2,-0.1,0.2,-0.5,0.0,0,0.5,0.0,-0.2,-0.1,0.1,0.0,-0.1,61.0,35.9,110.2,129.9,151,15.0
2,iyi,extra_hangar,1198,0.0,0.0,0.0,320,3,1.0,1554,-7.4,34.8,-3.3,21.2,-8.1,0.0,0,8.1,0.0,-0.2,-1.6,-0.2,0.7,0.1,61.0,35.9,110.2,129.9,151,15.0
2,iyi,gambler_case,766,0.0,0.0,0.0,560,5.6,1.0,1379,-0.4,0.0,-0.2,-0.1,-0.4,0.0,0,0.5,0.0,-0.5,-0.1,0.1,-0.1,-0.1,61.0,35.9,110.2,129.9,151,15.0
3,zayif,fast_hangar,-7,1.0,55.0,54.0,24,14.1,0.1,-8,-0.1,0.2,-0.1,-0.1,-0.1,0.0,0.0,0.0,0.0,-0.1,0.0,0.0,0.0,0.1,58.1,5.7,50.8,96.7,136.4,7.2
3,zayif,overtime,32,6.0,60.0,54.0,111,5.5,0.44,-150,-1.0,-1.4,-0.3,-1.6,-2.9,-4.2,-4.4,-0.7,-0.1,-3.2,-0.6,1.6,0.1,-0.7,58.1,5.7,50.8,96.7,136.4,7.2
3,zayif,prestige_master,-11,0.0,54.0,54.0,13,15.4,0.04,2,0.0,0.0,0.0,0.0,0.0,0.0,0.0,-0.1,0.0,0.0,0.0,0.0,0.0,0.0,58.1,5.7,50.8,96.7,136.4,7.2
3,zayif,extra_hangar,27,0.5,54.5,54.0,42,5.8,0.1,52,-0.5,4.1,0.0,0.7,-0.6,-0.2,-0.2,0.5,0.0,-0.7,0.0,0.1,0.2,0.1,58.1,5.7,50.8,96.7,136.4,7.2
3,zayif,gambler_case,0,0.0,54.0,54.0,0,,0.0,0,0.0,0.0,0.0,0.0,0.0,0.0,0.0,0.0,0.0,0.0,0.0,0.0,0.0,0.0,58.1,5.7,50.8,96.7,136.4,7.2
3,orta,fast_hangar,-534,0.0,0.0,0.0,252,6.9,1.0,-312,0.9,5.9,-3.2,-3.1,1.5,0.0,0,-1.4,0.0,-1.3,-1.0,0.0,-0.7,-0.8,63.2,20.5,102.2,129.3,160,14.9
3,orta,overtime,-317,0.0,0.0,0.0,252,3.8,1.0,-82,-1.2,0.2,-0.3,-0.5,-0.8,0.0,0,1.2,0.0,-2.1,-1.2,0.8,-0.5,0.1,63.2,20.5,102.2,129.3,160,14.9
3,orta,prestige_master,-523,0.0,0.0,0.0,788,7.2,1.0,254,15.9,-0.1,-0.2,-1.0,-0.7,0.0,0,0.7,0.0,-1.5,0.2,0.0,-0.4,-0.1,63.2,20.5,102.2,129.3,160,14.9
3,orta,extra_hangar,1024,0.0,0.0,0.0,420,4.6,1.0,1486,-6.3,43.8,-3.7,16.8,-6.8,0.0,0,7.0,0.0,-0.3,-1.4,-0.1,0.8,0.6,63.2,20.5,102.2,129.3,160,14.9
3,orta,gambler_case,235,0.0,0.0,0.0,735,8.8,1.0,1090,-0.1,-0.1,-0.2,-1.2,-0.3,0.0,0,0.3,0.0,-0.6,0.1,0.1,-0.1,-0.2,63.2,20.5,102.2,129.3,160,14.9
3,iyi,fast_hangar,-34,0.0,0.0,0.0,252,5.4,1.0,216,-0.2,4.0,-1.2,2.0,-0.6,0,0,0.4,0,0.1,0.0,0.1,0.2,-0.4,62.3,31.1,123.5,141.0,160,15.9
3,iyi,overtime,-294,0.0,0.0,0.0,252,3.2,1.0,-38,-1.0,-0.2,-0.2,-0.1,-0.8,0,0,0.6,0,-0.5,-1.3,0.1,0.2,-0.3,62.3,31.1,123.5,141.0,160,15.9
3,iyi,prestige_master,-99,0.0,0.0,0.0,788,5.6,1.0,684,8.8,0.0,-0.2,0.7,0.0,0,0,-0.1,0,0.2,0.3,0.1,0.0,-0.1,62.3,31.1,123.5,141.0,160,15.9
3,iyi,extra_hangar,1896,0.0,0.0,0.0,420,3.5,1.0,2343,-7.3,40.1,-4.3,24.4,-8.4,0,0,8.2,0,0.6,-1.5,0.0,0.8,0.0,62.3,31.1,123.5,141.0,160,15.9
3,iyi,gambler_case,1002,0.0,0.0,0.0,735,6.3,1.0,1793,0.0,-0.2,-0.6,-0.3,-0.3,0,0,0.3,0,-0.5,0.4,0.1,0.0,-0.2,62.3,31.1,123.5,141.0,160,15.9
4,zayif,fast_hangar,-21,0.0,64.5,64.5,34,15.4,0.12,13,-0.0,0.0,0.0,0.1,0.0,0.0,0.0,0.0,0.0,0.1,0.0,-0.1,0.0,0.0,60.2,4.1,52.2,90.8,124.5,9.0
4,zayif,overtime,1,1.5,66.0,64.5,72,8.0,0.24,42,-0.0,0.4,0.0,0.4,0.4,0.3,0.3,0.0,0.0,0.7,-0.3,0.3,0.2,0.0,60.2,4.1,52.2,90.8,124.5,9.0
4,zayif,prestige_master,-47,0.0,64.5,64.5,59,15.8,0.1,10,0.0,0.0,0.0,0.1,0.1,0.0,0.0,-0.1,0.0,0.1,0.0,-0.1,0.0,0.0,60.2,4.1,52.2,90.8,124.5,9.0
4,zayif,extra_hangar,-24,-1.0,63.5,64.5,55,12.5,0.11,76,-0.0,2.2,0.0,0.7,0.3,0.5,0.5,0.2,0.0,0.5,0.0,0.0,0.2,0.0,60.2,4.1,52.2,90.8,124.5,9.0
4,zayif,gambler_case,-31,0.0,64.5,64.5,35,16,0.04,4,0.0,0.0,0.0,0.0,0.1,0.0,0.0,0.0,0.0,0.0,0.0,0.0,0.0,0.0,60.2,4.1,52.2,90.8,124.5,9.0
4,orta,fast_hangar,-1137,0.0,0.0,0.0,300,7.8,1.0,-868,1.3,5.3,-2.6,-7.0,1.5,0.0,0,-1.4,0.0,-3.1,0.1,0.0,-0.6,-0.5,64.9,15.1,106.7,130.4,160,15.7
4,orta,overtime,-421,0.5,0.5,0.0,300,4.0,1.0,-169,-1.4,-0.1,-0.2,-1.0,-0.9,-0.2,-0.2,0.6,0,-1.8,-1.9,0.2,-0.2,0.3,64.9,15.1,106.7,130.4,160,15.7
4,orta,prestige_master,-708,0.0,0.0,0.0,936,8.3,1.0,233,12.9,-0.1,0.0,-0.4,-0.3,0.0,0,0.2,0.0,-0.8,0.2,0.0,0.2,0.1,64.9,15.1,106.7,130.4,160,15.7
4,orta,extra_hangar,1154,0.0,0.0,0.0,500,5.2,1.0,1726,-5.6,45.0,-2.6,15.7,-6.0,0,0,6.0,0,-0.3,-1.4,0.0,1.7,1.3,64.9,15.1,106.7,130.4,160,15.7
4,orta,gambler_case,222,0.0,0.0,0.0,875,10.8,1.0,1188,0.2,-0.1,0.1,-0.2,0.1,0,0,-0.3,0,0.1,0.1,0.0,0.0,-0.2,64.9,15.1,106.7,130.4,160,15.7
4,iyi,fast_hangar,-241,0.0,0.0,0.0,300,6.2,1.0,64,-0.5,3.7,-1.8,0.9,-0.7,0,0,0.5,0,-0.6,-0.2,0.0,0.1,0.1,61.8,24.7,129.5,141.1,160,16.0
4,iyi,overtime,-306,0.0,0.0,0.0,300,3.5,1.0,2,-1.0,-0.1,0.4,0.5,-0.3,0,0,0.3,0,0.1,-1.8,0.0,0.0,0.3,61.8,24.7,129.5,141.1,160,16.0
4,iyi,prestige_master,-470,0.0,0.0,0.0,938,6.4,1.0,476,3.9,0.0,0.3,-0.1,0.2,0,0,-0.3,0,-0.1,-0.1,0.0,0.1,0.3,61.8,24.7,129.5,141.1,160,16.0
4,iyi,extra_hangar,1821,0.0,0.0,0.0,500,4.0,1.0,2358,-7.1,41.3,-4.4,20.8,-8.4,0,0,8.4,0,-0.9,-0.9,0.0,0.8,0.8,61.8,24.7,129.5,141.1,160,16.0
4,iyi,gambler_case,1247,0.0,0.0,0.0,875,7.1,1.0,2191,-0.2,0.0,0.0,-0.5,-0.3,0,0,0.2,0,-0.3,-0.1,0.0,0.2,0.4,61.8,24.7,129.5,141.1,160,16.0
