event,catalog,P,profile,dayRange,eventDays,net_income_day,base_income_day,d_income_pct,lost_day,d_lost,delivered_day,served_day,spawn_fill,penalty_day,run_lose,run_lose_base
(yok),old,2,zayif,1-15,23055,171.6,171.6,0.0,3.1,0.0,3.0,5.51,0.996,27.9,0.226,0.226
BUSY DAY,old,2,zayif,1-15,23151,168.4,171.6,-1.9,3.63,0.53,3.09,5.38,0.785,28.6,0.243,0.226
DELIVERY BONUS,old,2,zayif,1-15,23700,207.9,171.6,21.1,3.14,0.04,3.05,5.52,0.996,28.4,0.0775,0.226
ANGRY CUSTOMERS,old,2,zayif,1-15,22992,166.5,171.6,-3.0,4.28,1.19,3.06,4.82,0.955,28.4,0.2775,0.226
RELAXED DAY,old,2,zayif,1-15,23310,176.2,171.6,2.6,2.73,-0.36,3.02,5.83,0.995,27.9,0.167,0.226
SLOW LOGISTICS,old,2,zayif,1-15,22650,153.9,171.6,-10.3,3.08,-0.02,2.95,5.49,0.996,27.4,0.345,0.226
EXPRESS CARGO,old,2,zayif,1-15,23394,185.1,171.6,7.8,3.12,0.02,3.03,5.52,0.996,28.1,0.154,0.226
HEAVY BOXES,old,2,zayif,1-15,21999,142.9,171.6,-16.8,3.68,0.58,2.6,4.85,0.995,23.9,0.4815,0.226
GOLDEN BOX DAY,old,2,zayif,1-15,23766,205.2,171.6,19.5,3.23,0.13,3.17,5.74,0.907,29.4,0.054,0.226
OPPORTUNITY DAY,old,2,zayif,1-15,23055,171.6,171.6,0.0,3.1,0.0,3.0,5.51,0.996,27.9,0.226,0.226
FATIGUE PROBLEM,old,2,zayif,1-15,21204,127.4,171.6,-25.7,2.82,-0.28,2.31,4.38,1.0,21.4,0.679,0.226
VIP SERVICE,old,2,zayif,1-15,23508,191.6,171.6,11.7,3.13,0.03,3.03,5.52,0.996,28.2,0.1225,0.226
SURPRISE AUDIT,old,2,zayif,1-15,21245,121.9,171.6,-29.0,2.97,-0.13,2.86,5.46,0.995,53.4,0.6755,0.226
RAINY DAY,old,2,zayif,1-15,21846,139.2,171.6,-18.9,2.4,-0.69,2.46,4.56,1.0,22.5,0.522,0.226
MARKETING DAY,old,2,zayif,1-15,21063,112.2,171.6,-34.6,3.13,0.03,2.89,5.58,0.886,27.1,0.741,0.226
CUSTOMER SUPPORT,old,2,zayif,1-15,23274,174.2,171.6,1.5,3.08,-0.02,3.04,5.55,0.996,28.3,0.191,0.226
FESTIVAL DAY,old,2,zayif,1-15,24000,306.1,171.6,78.4,3.16,0.06,3.06,5.53,0.996,28.6,0.0,0.226
DELIVERY BONUS,new,2,zayif,1-15,23700,207.9,171.6,21.1,3.14,0.04,3.05,5.52,0.996,28.4,0.0775,0.226
EXPRESS CARGO,new,2,zayif,1-15,23457,188.6,171.6,9.9,3.16,0.06,3.04,5.47,0.996,28.3,0.127,0.226
RELAXED DAY,new,2,zayif,1-15,23709,199.7,171.6,16.4,2.56,-0.54,3.04,5.99,0.994,13.6,0.057,0.226
OPPORTUNITY DAY,new,2,zayif,1-15,23055,171.6,171.6,0.0,3.1,0.0,3.0,5.51,0.996,27.9,0.226,0.226
CUSTOMER SUPPORT,new,2,zayif,1-15,23322,177.5,171.6,3.4,3.04,-0.05,3.08,5.59,0.996,28.5,0.1755,0.226
MONOCHROME DAY,new,2,zayif,1-15,23949,213.3,171.6,24.3,3.3,0.21,3.36,5.59,0.996,11.3,0.0145,0.226
QUEST DAY,new,2,zayif,1-15,23325,175.1,171.6,2.0,3.11,0.02,3.02,5.52,0.996,28.1,0.1545,0.226
GOLDEN BOX DAY,new,2,zayif,1-15,23697,216.1,171.6,25.9,3.15,0.05,3.05,5.51,0.996,28.3,0.0575,0.226
VIP SERVICE,new,2,zayif,1-7,12000,136.3,113.6,20.0,3.07,1.17,2.67,4.25,0.994,25.4,0.115,0.226
FESTIVAL DAY,new,2,zayif,1-15,24000,306.1,171.6,78.4,3.16,0.06,3.06,5.53,0.996,28.6,0.0,0.226
RUSH BONUS,new,2,zayif,1-15,23775,208.2,171.6,21.3,3.14,0.05,3.05,5.53,0.996,28.4,0.0625,0.226
RAINY DAY,new,2,zayif,1-15,21846,139.2,171.6,-18.9,2.4,-0.69,2.46,4.56,1.0,22.5,0.522,0.226
HEAVY BOXES,new,2,zayif,1-15,21999,142.9,171.6,-16.8,3.68,0.58,2.6,4.85,0.995,23.9,0.4815,0.226
FATIGUE PROBLEM,new,2,zayif,1-15,22434,150.8,171.6,-12.1,3.48,0.38,2.71,5.09,0.996,25.1,0.409,0.226
SLOW LOGISTICS,new,2,zayif,1-15,22521,148.8,171.6,-13.3,3.07,-0.03,2.92,5.49,0.996,27.7,0.384,0.226
MIXED SHIPMENT,new,2,zayif,5-11,11970,192.9,166.2,16.1,3.46,0.19,3.41,5.28,0.993,32.0,0.151,0.226
SURPRISE AUDIT,new,2,zayif,1-15,21245,121.9,171.6,-29.0,2.97,-0.13,2.86,5.46,0.995,53.4,0.6755,0.226
IMPATIENT DRIVERS,new,2,zayif,1-15,22650,134.5,171.6,-21.6,2.84,-0.26,2.36,5.72,0.996,22.6,0.4155,0.226
RETURN WAVE,new,2,zayif,5-15,14211,114.1,202.6,-43.7,5.28,1.62,2.06,4.03,0.997,19.2,0.891,0.226
BUSY DAY,new,2,zayif,1-15,23181,168.3,171.6,-1.9,5.45,2.35,3.09,6.17,0.99,28.4,0.229,0.226
ANGRY CUSTOMERS,new,2,zayif,1-15,22887,163.3,171.6,-4.8,4.78,1.68,3.03,4.85,0.995,28.1,0.318,0.226
MARKETING DAY,new,2,zayif,1-15,20499,107.0,171.6,-37.6,4.06,0.97,2.8,5.84,0.992,26.2,0.8005,0.226
SUPPLY STRIKE,new,2,zayif,1-15,19713,102.2,171.6,-40.5,1.85,-1.24,2.06,4.01,1.0,19.4,0.87,0.226
(yok),old,2,orta,1-15,24000,354.8,354.8,0.0,2.04,0.0,4.98,6.93,0.999,21.7,0.0,0.0
BUSY DAY,old,2,orta,1-15,24000,358.5,354.8,1.0,2.68,0.64,5.1,7.29,0.837,22.7,0.0,0.0
DELIVERY BONUS,old,2,orta,1-15,24000,409.6,354.8,15.4,2.04,0.0,4.98,6.93,0.999,21.7,0.0,0.0
ANGRY CUSTOMERS,old,2,orta,1-15,24000,344.9,354.8,-2.8,3.31,1.27,4.94,6.51,0.989,21.3,0.0,0.0
RELAXED DAY,old,2,orta,1-15,24000,369.0,354.8,4.0,1.51,-0.53,5.08,7.42,0.999,22.3,0.0,0.0
SLOW LOGISTICS,old,2,orta,1-15,24000,328.3,354.8,-7.5,2.05,0.01,4.95,6.92,0.999,21.5,0.0,0.0
EXPRESS CARGO,old,2,orta,1-15,24000,374.7,354.8,5.6,2.04,0.0,4.98,6.93,0.999,21.7,0.0,0.0
HEAVY BOXES,old,2,orta,1-15,24000,316.8,354.8,-10.7,2.38,0.34,4.54,6.6,0.999,20.0,0.0,0.0
GOLDEN BOX DAY,old,2,orta,1-15,24000,422.6,354.8,19.1,2.11,0.07,5.25,7.62,0.946,22.9,0.0,0.0
OPPORTUNITY DAY,old,2,orta,1-15,24000,354.8,354.8,0.0,2.04,0.0,4.98,6.93,0.999,21.7,0.0,0.0
FATIGUE PROBLEM,old,2,orta,1-15,24000,277.2,354.8,-21.9,1.9,-0.14,4.04,5.65,1.0,17.4,0.0,0.0
VIP SERVICE,old,2,orta,1-15,24000,384.7,354.8,8.4,2.04,0.0,4.98,6.93,0.999,21.7,0.0,0.0
SURPRISE AUDIT,old,2,orta,1-15,24000,314.5,354.8,-11.3,2.04,0.0,4.98,6.93,0.999,43.4,0.0,0.0
RAINY DAY,old,2,orta,1-15,24000,290.0,354.8,-18.3,1.65,-0.39,4.19,5.65,1.0,18.0,0.0,0.0
MARKETING DAY,old,2,orta,1-15,24000,283.7,354.8,-20.0,2.27,0.23,5.17,7.52,0.933,22.4,0.0,0.0
CUSTOMER SUPPORT,old,2,orta,1-15,24000,372.2,354.8,4.9,1.85,-0.19,5.15,7.12,0.999,22.4,0.0,0.0
FESTIVAL DAY,old,2,orta,1-15,24000,485.0,354.8,36.7,2.06,0.02,4.97,6.92,0.999,21.7,0.0,0.0
DELIVERY BONUS,new,2,orta,1-15,24000,409.6,354.8,15.4,2.04,0.0,4.98,6.93,0.999,21.7,0.0,0.0
EXPRESS CARGO,new,2,orta,1-15,24000,376.8,354.8,6.2,2.05,0.01,4.94,6.93,0.999,21.3,0.0,0.0
RELAXED DAY,new,2,orta,1-15,24000,394.0,354.8,11.1,1.24,-0.8,5.13,7.67,0.998,10.7,0.0,0.0
OPPORTUNITY DAY,new,2,orta,1-15,24000,354.8,354.8,0.0,2.04,0.0,4.98,6.93,0.999,21.7,0.0,0.0
CUSTOMER SUPPORT,new,2,orta,1-15,24000,388.5,354.8,9.5,1.72,-0.32,5.31,7.26,0.999,23.4,0.0,0.0
MONOCHROME DAY,new,2,orta,1-15,24000,400.4,354.8,12.9,2.22,0.18,5.48,6.87,0.999,9.1,0.0,0.0
QUEST DAY,new,2,orta,1-15,24000,368.7,354.8,3.9,2.04,0.0,4.98,6.93,0.999,21.7,0.0,0.0
GOLDEN BOX DAY,new,2,orta,1-15,24000,429.4,354.8,21.0,2.05,0.01,4.97,6.93,0.999,21.6,0.0,0.0
VIP SERVICE,new,2,orta,1-7,12000,290.8,208.8,39.3,1.52,0.18,4.75,5.99,0.996,21.0,0.0,0.0
FESTIVAL DAY,new,2,orta,1-15,24000,485.0,354.8,36.7,2.06,0.02,4.97,6.92,0.999,21.7,0.0,0.0
RUSH BONUS,new,2,orta,1-15,24000,445.9,354.8,25.7,2.04,0.0,4.98,6.93,0.999,21.7,0.0,0.0
RAINY DAY,new,2,orta,1-15,24000,290.0,354.8,-18.3,1.65,-0.39,4.19,5.65,1.0,18.0,0.0,0.0
HEAVY BOXES,new,2,orta,1-15,24000,316.8,354.8,-10.7,2.38,0.34,4.54,6.6,0.999,20.0,0.0,0.0
FATIGUE PROBLEM,new,2,orta,1-15,24000,329.0,354.8,-7.3,2.29,0.25,4.69,6.68,0.999,20.5,0.0,0.0
SLOW LOGISTICS,new,2,orta,1-15,24000,320.8,354.8,-9.6,2.04,0.0,4.92,6.93,0.999,21.6,0.0,0.0
MIXED SHIPMENT,new,2,orta,5-11,12000,348.0,316.7,9.9,2.32,0.14,5.05,6.74,0.999,21.8,0.0,0.0
SURPRISE AUDIT,new,2,orta,1-15,24000,314.5,354.8,-11.3,2.04,0.0,4.98,6.93,0.999,43.4,0.0,0.0
IMPATIENT DRIVERS,new,2,orta,1-15,24000,359.4,354.8,1.3,2.01,-0.03,5.05,6.96,0.999,21.7,0.0,0.0
RETURN WAVE,new,2,orta,5-15,17976,229.2,415.6,-44.8,5.0,2.6,3.33,4.85,1.0,14.6,0.006,0.0
BUSY DAY,new,2,orta,1-15,24000,372.6,354.8,5.0,3.47,1.43,5.27,8.57,0.995,23.1,0.0,0.0
ANGRY CUSTOMERS,new,2,orta,1-15,24000,340.2,354.8,-4.1,3.4,1.36,4.94,6.58,0.999,21.8,0.0,0.0
MARKETING DAY,new,2,orta,1-15,24000,283.4,354.8,-20.1,2.61,0.57,5.2,8.02,0.998,22.9,0.0,0.0
SUPPLY STRIKE,new,2,orta,1-15,23988,230.0,354.8,-35.2,1.41,-0.63,3.71,4.91,1.0,16.3,0.003,0.0
(yok),old,3,zayif,1-15,21117,269.3,269.3,0.0,2.12,0.0,3.51,6.76,0.996,33.0,0.542,0.542
BUSY DAY,old,3,zayif,1-15,20862,265.9,269.3,-1.3,2.63,0.51,3.59,6.71,0.788,33.2,0.5925,0.542
DELIVERY BONUS,old,3,zayif,1-15,22812,335.3,269.3,24.5,2.19,0.07,3.67,6.86,0.996,34.4,0.2195,0.542
ANGRY CUSTOMERS,old,3,zayif,1-15,20823,269.2,269.3,-0.1,3.23,1.11,3.61,6.16,0.961,33.3,0.5735,0.542
RELAXED DAY,old,3,zayif,1-15,21222,270.6,269.3,0.5,1.67,-0.46,3.48,7.18,0.995,32.6,0.522,0.542
SLOW LOGISTICS,old,3,zayif,1-15,19872,231.8,269.3,-14.0,2.04,-0.08,3.3,6.71,0.995,31.0,0.75,0.542
EXPRESS CARGO,old,3,zayif,1-15,21855,293.6,269.3,9.0,2.16,0.03,3.58,6.8,0.996,33.6,0.409,0.542
HEAVY BOXES,old,3,zayif,1-15,19290,219.8,269.3,-18.4,2.5,0.38,2.96,6.16,0.994,27.6,0.804,0.542
GOLDEN BOX DAY,old,3,zayif,1-15,22794,329.8,269.3,22.4,2.26,0.13,3.77,7.16,0.92,35.1,0.224,0.542
OPPORTUNITY DAY,old,3,zayif,1-15,21117,269.3,269.3,0.0,2.12,0.0,3.51,6.76,0.996,33.0,0.542,0.542
FATIGUE PROBLEM,old,3,zayif,1-15,18270,193.1,269.3,-28.3,1.91,-0.21,2.62,5.53,1.0,24.2,0.919,0.542
VIP SERVICE,old,3,zayif,1-15,22197,307.8,269.3,14.3,2.17,0.05,3.61,6.82,0.996,33.8,0.34,0.542
SURPRISE AUDIT,old,3,zayif,1-15,19089,208.9,269.3,-22.4,2.02,-0.11,3.32,6.65,0.995,62.2,0.8535,0.542
RAINY DAY,old,3,zayif,1-15,17820,189.3,269.3,-29.7,1.48,-0.64,2.57,5.28,1.0,24.2,0.927,0.542
MARKETING DAY,old,3,zayif,1-15,17841,172.3,269.3,-36.0,2.08,-0.04,3.24,6.8,0.876,30.0,0.9595,0.542
CUSTOMER SUPPORT,old,3,zayif,1-15,21447,279.6,269.3,3.8,2.05,-0.07,3.61,6.91,0.997,34.1,0.4895,0.542
FESTIVAL DAY,old,3,zayif,1-15,24000,522.8,269.3,94.1,2.26,0.13,3.78,6.9,0.996,35.4,0.0,0.542
DELIVERY BONUS,new,3,zayif,1-15,22812,335.3,269.3,24.5,2.19,0.07,3.67,6.86,0.996,34.4,0.2195,0.542
EXPRESS CARGO,new,3,zayif,1-15,22254,328.1,269.3,21.8,2.25,0.13,3.88,6.76,0.996,36.3,0.299,0.542
RELAXED DAY,new,3,zayif,1-15,22119,300.8,269.3,11.7,1.5,-0.62,3.54,7.39,0.994,16.2,0.3415,0.542
OPPORTUNITY DAY,new,3,zayif,1-15,21117,269.3,269.3,0.0,2.12,0.0,3.51,6.76,0.996,33.0,0.542,0.542
CUSTOMER SUPPORT,new,3,zayif,1-15,21942,294.4,269.3,9.3,2.0,-0.12,3.77,7.01,0.997,34.9,0.3845,0.542
MONOCHROME DAY,new,3,zayif,1-15,23550,359.7,269.3,33.5,2.37,0.24,4.29,7.01,0.996,14.4,0.093,0.542
QUEST DAY,new,3,zayif,1-15,21774,279.1,269.3,3.6,2.15,0.03,3.57,6.8,0.996,33.4,0.4155,0.542
GOLDEN BOX DAY,new,3,zayif,1-15,22890,358.5,269.3,33.1,2.2,0.08,3.7,6.86,0.996,34.5,0.1785,0.542
VIP SERVICE,new,3,zayif,1-7,12000,225.6,194.5,16.0,2.16,0.82,3.27,5.59,0.987,30.8,0.2455,0.542
FESTIVAL DAY,new,3,zayif,1-15,24000,522.8,269.3,94.1,2.26,0.13,3.78,6.9,0.996,35.4,0.0,0.542
RUSH BONUS,new,3,zayif,1-15,22953,342.7,269.3,27.2,2.2,0.08,3.68,6.86,0.996,34.5,0.198,0.542
RAINY DAY,new,3,zayif,1-15,17820,189.3,269.3,-29.7,1.48,-0.64,2.57,5.28,1.0,24.2,0.927,0.542
HEAVY BOXES,new,3,zayif,1-15,19290,219.8,269.3,-18.4,2.5,0.38,2.96,6.16,0.994,27.6,0.804,0.542
FATIGUE PROBLEM,new,3,zayif,1-15,20064,239.8,269.3,-11.0,2.4,0.28,3.18,6.37,0.995,29.5,0.6995,0.542
SLOW LOGISTICS,new,3,zayif,1-15,19713,224.6,269.3,-16.6,2.02,-0.11,3.25,6.72,0.995,30.4,0.796,0.542
MIXED SHIPMENT,new,3,zayif,5-11,11820,311.6,260.9,19.4,2.65,0.22,4.1,6.41,0.997,37.7,0.399,0.542
SURPRISE AUDIT,new,3,zayif,1-15,19089,208.9,269.3,-22.4,2.02,-0.11,3.32,6.65,0.995,62.2,0.8535,0.542
IMPATIENT DRIVERS,new,3,zayif,1-15,21054,254.2,269.3,-5.6,2.05,-0.07,3.33,6.81,0.995,31.4,0.5755,0.542
RETURN WAVE,new,3,zayif,5-15,12012,159.6,310.1,-48.5,4.78,2.18,2.16,4.6,0.999,20.3,0.993,0.542
BUSY DAY,new,3,zayif,1-15,21663,273.9,269.3,1.7,3.97,1.85,3.63,8.01,0.988,34.0,0.49,0.542
ANGRY CUSTOMERS,new,3,zayif,1-15,21099,274.0,269.3,1.7,3.53,1.4,3.67,6.37,0.995,33.5,0.5435,0.542
MARKETING DAY,new,3,zayif,1-15,18171,177.4,269.3,-34.1,2.69,0.57,3.3,7.51,0.984,31.2,0.945,0.542
SUPPLY STRIKE,new,3,zayif,1-15,16800,148.9,269.3,-44.7,1.22,-0.9,2.27,4.79,1.0,21.6,0.9965,0.542
(yok),old,3,orta,1-15,24000,565.5,565.5,0.0,1.6,0.0,6.15,7.94,1.0,27.1,0.0,0.0
BUSY DAY,old,3,orta,1-15,24000,584.0,565.5,3.3,2.26,0.66,6.3,8.75,0.871,27.5,0.0,0.0
DELIVERY BONUS,old,3,orta,1-15,24000,651.6,565.5,15.2,1.6,0.0,6.15,7.94,1.0,27.1,0.0,0.0
ANGRY CUSTOMERS,old,3,orta,1-15,24000,548.0,565.5,-3.1,2.9,1.3,6.02,7.57,0.997,26.2,0.0,0.0
RELAXED DAY,old,3,orta,1-15,24000,585.7,565.5,3.6,1.24,-0.36,6.3,8.28,1.0,27.5,0.0,0.0
SLOW LOGISTICS,old,3,orta,1-15,24000,522.0,565.5,-7.7,1.6,0.01,6.06,7.93,1.0,26.5,0.0,0.0
EXPRESS CARGO,old,3,orta,1-15,24000,596.2,565.5,5.4,1.6,0.0,6.15,7.94,1.0,27.1,0.0,0.0
HEAVY BOXES,old,3,orta,1-15,24000,515.0,565.5,-8.9,1.88,0.29,5.68,7.65,1.0,24.6,0.0,0.0
GOLDEN BOX DAY,old,3,orta,1-15,24000,669.7,565.5,18.4,1.77,0.17,6.42,8.86,0.98,28.5,0.0,0.0
OPPORTUNITY DAY,old,3,orta,1-15,24000,565.5,565.5,0.0,1.6,0.0,6.15,7.94,1.0,27.1,0.0,0.0
FATIGUE PROBLEM,old,3,orta,1-15,24000,450.3,565.5,-20.4,1.53,-0.06,5.06,6.56,1.0,21.9,0.0,0.0
VIP SERVICE,old,3,orta,1-15,24000,614.7,565.5,8.7,1.6,0.0,6.15,7.94,1.0,27.1,0.0,0.0
SURPRISE AUDIT,old,3,orta,1-15,24000,521.0,565.5,-7.9,1.6,0.0,6.15,7.94,1.0,54.1,0.0,0.0
RAINY DAY,old,3,orta,1-15,23991,444.6,565.5,-21.4,1.29,-0.31,4.98,6.31,1.0,21.6,0.001,0.0
MARKETING DAY,old,3,orta,1-15,24000,466.2,565.5,-17.6,1.87,0.27,6.36,8.93,0.96,27.5,0.0,0.0
CUSTOMER SUPPORT,old,3,orta,1-15,24000,595.2,565.5,5.3,1.46,-0.14,6.38,8.08,1.0,27.8,0.0,0.0
FESTIVAL DAY,old,3,orta,1-15,24000,798.0,565.5,41.1,1.59,-0.0,6.18,7.94,1.0,26.9,0.0,0.0
DELIVERY BONUS,new,3,orta,1-15,24000,651.6,565.5,15.2,1.6,0.0,6.15,7.94,1.0,27.1,0.0,0.0
EXPRESS CARGO,new,3,orta,1-15,24000,601.5,565.5,6.4,1.6,0.0,6.07,7.93,1.0,26.6,0.0,0.0
RELAXED DAY,new,3,orta,1-15,24000,612.5,565.5,8.3,1.11,-0.48,6.34,8.4,1.0,13.2,0.0,0.0
OPPORTUNITY DAY,new,3,orta,1-15,24000,565.5,565.5,0.0,1.6,0.0,6.15,7.94,1.0,27.1,0.0,0.0
CUSTOMER SUPPORT,new,3,orta,1-15,24000,634.3,565.5,12.2,1.37,-0.23,6.64,8.17,1.0,28.9,0.0,0.0
MONOCHROME DAY,new,3,orta,1-15,24000,658.8,565.5,16.5,1.82,0.22,7.01,7.86,1.0,11.6,0.0,0.0
QUEST DAY,new,3,orta,1-15,24000,584.5,565.5,3.4,1.6,0.0,6.15,7.94,1.0,27.1,0.0,0.0
GOLDEN BOX DAY,new,3,orta,1-15,24000,685.8,565.5,21.3,1.61,0.01,6.15,7.93,1.0,26.6,0.0,0.0
VIP SERVICE,new,3,orta,1-7,12000,470.8,343.2,37.2,1.23,0.42,5.99,6.92,0.998,26.1,0.0,0.0
FESTIVAL DAY,new,3,orta,1-15,24000,798.0,565.5,41.1,1.59,-0.0,6.18,7.94,1.0,26.9,0.0,0.0
RUSH BONUS,new,3,orta,1-15,24000,694.8,565.5,22.9,1.6,0.0,6.15,7.94,1.0,27.1,0.0,0.0
RAINY DAY,new,3,orta,1-15,23991,444.6,565.5,-21.4,1.29,-0.31,4.98,6.31,1.0,21.6,0.001,0.0
HEAVY BOXES,new,3,orta,1-15,24000,515.0,565.5,-8.9,1.88,0.29,5.68,7.65,1.0,24.6,0.0,0.0
FATIGUE PROBLEM,new,3,orta,1-15,24000,537.6,565.5,-4.9,1.82,0.23,5.91,7.71,1.0,25.9,0.0,0.0
SLOW LOGISTICS,new,3,orta,1-15,23994,511.0,565.5,-9.6,1.6,0.0,6.0,7.93,1.0,26.5,0.0005,0.0
MIXED SHIPMENT,new,3,orta,5-11,12000,561.7,496.7,13.1,1.93,0.24,6.31,7.46,1.0,26.8,0.0,0.0
SURPRISE AUDIT,new,3,orta,1-15,24000,521.0,565.5,-7.9,1.6,0.0,6.15,7.94,1.0,54.1,0.0,0.0
IMPATIENT DRIVERS,new,3,orta,1-15,24000,458.1,565.5,-19.0,1.4,-0.2,5.05,8.14,1.0,22.5,0.0,0.0
RETURN WAVE,new,3,orta,5-15,17826,357.6,654.7,-45.4,4.92,2.94,3.99,5.34,1.0,17.1,0.046,0.0
BUSY DAY,new,3,orta,1-15,24000,648.0,565.5,14.6,2.73,1.13,6.91,10.07,0.997,30.2,0.0,0.0
ANGRY CUSTOMERS,new,3,orta,1-15,24000,542.9,565.5,-4.0,3.0,1.41,6.04,7.54,1.0,26.2,0.0,0.0
MARKETING DAY,new,3,orta,1-15,24000,489.3,565.5,-13.5,2.02,0.42,6.7,9.38,0.998,29.6,0.0,0.0
SUPPLY STRIKE,new,3,orta,1-15,23940,355.8,565.5,-37.1,1.08,-0.52,4.41,5.54,1.0,19.5,0.0125,0.0
