cell,day,alive,money_mean,money_p10,income_mean,served,delivered,quota,rent_mean,prestige
P1_zayif_hic,1,1.0,516,495,20,2.8,0.4,4,0,12.7
P1_zayif_hic,2,1.0,555,485,49,2.4,0.9,4,0,13.0
P1_zayif_hic,3,1.0,595,495,56,2.4,1.0,4,0,13.3
P1_zayif_hic,4,1.0,358,230,66,2.4,1.2,4,290,13.6
P1_zayif_hic,5,1.0,417,285,68,2.2,1.2,4.1,0,13.8
P1_zayif_hic,6,1.0,469,325,58,2.3,1.0,4.1,0,14.1
P1_zayif_hic,7,1.0,515,363,55,2.4,1.0,4.1,0,14.4
P1_zayif_hic,8,1.0,223,67,64,2.8,1.1,5,342,14.7
P1_zayif_hic,9,1.0,282,112,72,2.2,1.3,5.2,0,14.4
P1_zayif_hic,10,1.0,350,161,84,2.2,1.5,5.2,0,14.1
P1_zayif_hic,11,1.0,428,224,95,2.4,1.7,5.2,0,14.0
P1_zayif_hic,12,1.0,154,46,98,2.4,1.8,5,354,13.9
P1_zayif_hic,13,0.963,264,99,132,2.6,2.3,6.2,0,13.6
P1_zayif_hic,14,0.963,378,192,131,2.7,2.3,6.1,0,13.3
P1_zayif_hic,15,0.963,486,279,131,2.8,2.3,6.2,0,13.0
P1_zayif_hic,16,0.963,216,49,128,2.7,2.3,6,378,12.9
P1_zayif_acgozlu,1,1.0,219,195,23,2.3,0.4,4,0,12.4
P1_zayif_acgozlu,2,1.0,155,103,45,2.2,0.8,4,0,12.6
P1_zayif_acgozlu,3,1.0,140,75,54,2.5,1.0,4,0,12.9
P1_zayif_acgozlu,4,1.0,28,14,67,2.4,1.2,4,113,13.2
P1_zayif_acgozlu,5,1.0,86,14,67,2.4,1.2,4.1,0,13.5
P1_zayif_acgozlu,6,1.0,129,29,63,2.5,1.1,4.1,0,13.9
P1_zayif_acgozlu,7,1.0,147,55,58,2.5,1.0,4.1,0,14.3
P1_zayif_acgozlu,8,1.0,159,81,65,2.9,1.2,5,4,12.7
P1_zayif_acgozlu,9,1.0,181,96,77,2.4,1.4,5.2,0,12.6
P1_zayif_acgozlu,10,1.0,210,105,89,2.3,1.6,5.2,0,12.4
P1_zayif_acgozlu,11,1.0,213,116,101,2.4,1.8,5.2,0,12.3
P1_zayif_acgozlu,12,1.0,215,112,101,2.5,1.8,5,5,12.2
P1_zayif_acgozlu,13,0.03,225,145,174,2.6,3.1,6.1,0,11.6
P1_zayif_acgozlu,14,0.03,246,186,122,2.4,2.2,6.1,0,11.2
P1_zayif_acgozlu,15,0.03,323,151,177,2.3,3.1,6.4,0,10.5
P1_zayif_acgozlu,16,0.03,281,211,149,3.2,2.7,6,0,10.8
P1_zayif_mantikli,1,1.0,219,195,23,2.3,0.4,4,0,12.4
P1_zayif_mantikli,2,1.0,222,180,45,2.3,0.8,4,0,12.6
P1_zayif_mantikli,3,1.0,221,170,55,2.4,1.0,4,0,12.9
P1_zayif_mantikli,4,1.0,40,27,63,2.4,1.2,4,185,13.2
P1_zayif_mantikli,5,1.0,99,15,66,2.3,1.2,4.1,0,13.5
P1_zayif_mantikli,6,1.0,151,41,63,2.4,1.1,4.1,0,13.8
P1_zayif_mantikli,7,1.0,189,87,56,2.5,1.0,4.1,0,14.2
P1_zayif_mantikli,8,1.0,184,31,70,2.9,1.2,5,45,13.0
P1_zayif_mantikli,9,1.0,227,70,67,2.3,1.2,5.2,0,12.8
P1_zayif_mantikli,10,1.0,285,128,91,2.3,1.6,5.2,0,12.6
P1_zayif_mantikli,11,1.0,297,194,95,2.4,1.7,5.2,0,12.5
P1_zayif_mantikli,12,1.0,269,46,103,2.4,1.9,5,60,12.1
P1_zayif_mantikli,13,0.32,267,70,135,2.8,2.4,6.1,0,12.0
P1_zayif_mantikli,14,0.32,354,208,136,2.7,2.4,6.1,0,11.7
P1_zayif_mantikli,15,0.32,395,255,126,2.8,2.2,6.2,0,11.5
P1_zayif_mantikli,16,0.32,313,48,151,2.8,2.7,6,88,11.3
P1_orta_hic,1,1.0,532,495,34,2.9,0.6,4,0,13.0
P1_orta_hic,2,1.0,619,514,93,3.2,1.7,4,0,14.2
P1_orta_hic,3,1.0,710,590,102,3.2,1.8,4,0,15.3
P1_orta_hic,4,1.0,523,370,113,2.9,2.0,4,290,16.2
P1_orta_hic,5,1.0,625,455,109,2.8,1.8,4.1,0,17.1
P1_orta_hic,6,1.0,718,513,97,2.8,1.6,4.1,0,18.1
P1_orta_hic,7,1.0,815,604,101,2.9,1.7,4.1,0,19.1
P1_orta_hic,8,1.0,566,352,108,3.3,1.8,5,348,20.2
P1_orta_hic,9,1.0,684,430,123,2.8,2.1,5.2,0,20.6
P1_orta_hic,10,1.0,834,549,156,3.0,2.6,5.2,0,21.3
P1_orta_hic,11,1.0,1004,684,173,2.8,2.9,5.2,0,21.8
P1_orta_hic,12,1.0,757,400,171,2.8,2.8,5,417,22.5
P1_orta_hic,13,1.0,972,579,222,3.2,3.6,6.2,0,22.9
P1_orta_hic,14,1.0,1194,790,224,3.3,3.6,6.1,0,23.6
P1_orta_hic,15,1.0,1408,961,218,3.3,3.5,6.2,0,24.2
P1_orta_hic,16,1.0,1131,679,223,3.4,3.5,6,501,25.0
P1_orta_acgozlu,1,1.0,235,200,38,3.2,0.7,4,0,13.2
P1_orta_acgozlu,2,1.0,181,100,93,3.2,1.7,4,0,14.3
P1_orta_acgozlu,3,1.0,192,100,104,3.3,1.9,4,0,15.3
P1_orta_acgozlu,4,1.0,38,17,136,3.1,2.4,4,170,16.4
P1_orta_acgozlu,5,1.0,152,42,122,3.0,2.0,4.1,0,17.5
P1_orta_acgozlu,6,1.0,212,103,105,2.9,1.7,4.1,0,18.6
P1_orta_acgozlu,7,1.0,215,108,108,2.9,1.8,4.1,0,19.7
P1_orta_acgozlu,8,1.0,169,36,115,3.4,1.9,5,68,19.5
P1_orta_acgozlu,9,1.0,256,131,157,3.0,2.6,5.2,0,20.2
P1_orta_acgozlu,10,1.0,313,173,180,2.9,3.0,5.2,0,20.9
P1_orta_acgozlu,11,1.0,353,210,233,3.1,3.8,5.2,0,21.7
P1_orta_acgozlu,12,1.0,206,38,232,3.0,3.7,5,171,22.5
P1_orta_acgozlu,13,0.59,385,201,301,3.6,4.6,6.1,0,24.1
P1_orta_acgozlu,14,0.59,455,295,300,3.5,4.5,6.1,0,25.4
P1_orta_acgozlu,15,0.59,481,259,316,3.8,4.5,6.2,0,27.1
P1_orta_acgozlu,16,0.59,267,38,375,3.7,5.1,6,296,28.7
P1_orta_mantikli,1,1.0,235,200,38,3.2,0.7,4,0,13.2
P1_orta_mantikli,2,1.0,250,185,95,3.2,1.7,4,0,14.3
P1_orta_mantikli,3,1.0,259,175,103,3.1,1.9,4,0,15.2
P1_orta_mantikli,4,1.0,50,15,135,3.0,2.3,4,235,16.3
P1_orta_mantikli,5,1.0,163,38,119,2.9,2.0,4.1,0,17.2
P1_orta_mantikli,6,1.0,245,103,105,2.7,1.7,4.1,0,18.2
P1_orta_mantikli,7,1.0,277,170,100,2.9,1.6,4.1,0,19.2
P1_orta_mantikli,8,1.0,125,18,119,3.3,2.0,5,197,19.7
P1_orta_mantikli,9,1.0,256,86,149,2.9,2.5,5.2,0,20.3
P1_orta_mantikli,10,1.0,368,200,175,2.9,2.9,5.2,0,20.9
P1_orta_mantikli,11,1.0,418,276,204,2.9,3.3,5.2,0,21.6
P1_orta_mantikli,12,1.0,176,27,218,2.9,3.5,5,277,22.0
P1_orta_mantikli,13,0.907,428,226,296,3.6,4.5,6.2,0,23.2
P1_orta_mantikli,14,0.907,539,381,284,3.6,4.3,6.1,0,24.3
P1_orta_mantikli,15,0.907,628,441,312,3.5,4.5,6.2,0,25.4
P1_orta_mantikli,16,0.907,282,59,342,3.8,4.7,6,402,26.7
P1_iyi_hic,1,1.0,552,500,53,3.5,1.0,4,0,13.7
P1_iyi_hic,2,1.0,685,583,129,3.3,2.3,4,0,15.3
P1_iyi_hic,3,1.0,826,690,137,3.3,2.4,4,0,16.8
P1_iyi_hic,4,1.0,692,526,154,3.2,2.6,4,290,18.3
P1_iyi_hic,5,1.0,848,658,150,3.0,2.4,4.1,0,19.8
P1_iyi_hic,6,1.0,985,783,133,3.0,2.1,4.1,0,21.1
P1_iyi_hic,7,1.0,1114,900,126,3.0,2.0,4.1,0,22.5
P1_iyi_hic,8,1.0,908,672,140,3.5,2.3,5,348,24.0
P1_iyi_hic,9,1.0,1081,811,172,3.3,2.8,5.2,0,25.2
P1_iyi_hic,10,1.0,1336,982,245,3.7,3.8,5.2,0,26.6
P1_iyi_hic,11,1.0,1611,1220,260,3.8,4.0,5.2,0,28.2
P1_iyi_hic,12,1.0,1478,1033,272,3.8,4.1,5,418,30.0
P1_iyi_hic,13,1.0,1855,1344,366,4.3,5.4,6.2,0,31.7
P1_iyi_hic,14,1.0,2217,1671,343,4.4,5.0,6.1,0,33.6
P1_iyi_hic,15,1.0,2594,2023,364,4.5,5.2,6.2,0,35.5
P1_iyi_hic,16,1.0,2474,1852,368,4.7,5.2,6,501,37.5
P1_iyi_acgozlu,1,1.0,244,200,46,3.1,0.8,4,0,13.3
P1_iyi_acgozlu,2,1.0,204,100,118,3.2,2.1,4,0,14.8
P1_iyi_acgozlu,3,1.0,224,133,132,3.3,2.3,4,0,16.3
P1_iyi_acgozlu,4,1.0,50,21,174,3.2,2.9,4,212,17.8
P1_iyi_acgozlu,5,1.0,218,86,168,3.3,2.7,4.1,0,19.5
P1_iyi_acgozlu,6,1.0,259,147,141,3.1,2.3,4.1,0,21.0
P1_iyi_acgozlu,7,1.0,252,127,144,3.1,2.3,4.1,0,22.7
P1_iyi_acgozlu,8,1.0,138,31,154,3.5,2.5,5,144,23.7
P1_iyi_acgozlu,9,1.0,341,187,253,3.6,4.0,5.2,0,25.5
P1_iyi_acgozlu,10,1.0,462,294,328,3.7,5.1,5.2,0,27.5
P1_iyi_acgozlu,11,1.0,533,276,364,3.7,5.4,5.2,0,29.6
P1_iyi_acgozlu,12,1.0,257,56,370,3.6,5.1,5,277,31.9
P1_iyi_acgozlu,13,0.917,649,349,540,4.4,6.5,6.2,0,34.7
P1_iyi_acgozlu,14,0.917,1000,434,601,4.5,6.8,6.1,0,37.7
P1_iyi_acgozlu,15,0.917,1488,614,661,4.5,6.8,6.2,0,40.6
P1_iyi_acgozlu,16,0.917,1817,660,702,4.5,6.7,6,326,43.8
P1_iyi_mantikli,1,1.0,244,200,46,3.1,0.8,4,0,13.3
P1_iyi_mantikli,2,1.0,267,192,119,3.2,2.2,4,0,14.8
P1_iyi_mantikli,3,1.0,281,191,129,3.3,2.3,4,0,16.3
P1_iyi_mantikli,4,1.0,84,16,190,3.3,3.2,4,261,17.8
P1_iyi_mantikli,5,1.0,255,115,169,3.0,2.7,4.1,0,19.2
P1_iyi_mantikli,6,1.0,340,218,142,3.0,2.3,4.1,0,20.7
P1_iyi_mantikli,7,1.0,351,234,150,3.0,2.4,4.1,0,22.3
P1_iyi_mantikli,8,1.0,109,22,168,3.4,2.7,5,276,23.7
P1_iyi_mantikli,9,1.0,335,149,230,3.4,3.6,5.2,0,25.1
P1_iyi_mantikli,10,1.0,539,332,322,3.6,4.9,5.2,0,26.8
P1_iyi_mantikli,11,1.0,647,401,366,3.7,5.3,5.2,0,28.6
P1_iyi_mantikli,12,1.0,250,60,364,3.6,5.1,5,381,30.7
P1_iyi_mantikli,13,0.993,727,457,554,4.5,6.5,6.2,0,33.3
P1_iyi_mantikli,14,0.993,1003,617,572,4.5,6.5,6.1,0,36.0
P1_iyi_mantikli,15,0.993,1365,703,635,4.4,6.6,6.2,0,38.8
P1_iyi_mantikli,16,0.993,1512,476,692,4.5,6.7,6,377,41.8
P2_zayif_hic,1,1.0,626,595,33,5.0,0.5,7,0,13.4
P2_zayif_hic,2,1.0,723,615,113,5.0,1.9,7,0,14.8
P2_zayif_hic,3,1.0,847,695,144,5.0,2.3,7,0,16.1
P2_zayif_hic,4,1.0,352,170,176,5.4,2.7,8,647,17.4
P2_zayif_hic,5,1.0,524,325,190,5.4,2.8,8.1,0,18.7
P2_zayif_hic,6,1.0,691,466,182,5.7,2.7,9.1,0,20.0
P2_zayif_hic,7,1.0,841,575,160,6.1,2.4,9.2,0,21.5
P2_zayif_hic,8,1.0,266,75,164,6.0,2.5,9,719,23.0
P2_zayif_hic,9,0.993,411,168,167,4.9,2.6,10.3,0,23.2
P2_zayif_hic,10,0.993,606,329,221,5.0,3.3,10.3,0,23.3
P2_zayif_hic,11,0.993,809,450,228,5.2,3.4,10.3,0,23.5
P2_zayif_hic,12,0.993,307,76,242,5.9,3.6,11,712,24.0
P2_zayif_hic,13,0.853,535,299,330,5.8,4.8,11.3,0,24.4
P2_zayif_hic,14,0.853,812,526,311,5.8,4.5,11.1,0,24.6
P2_zayif_hic,15,0.853,1103,738,331,6.2,4.9,12.3,0,24.7
P2_zayif_hic,16,0.853,419,108,358,6.5,5.2,12,1001,25.1
P2_zayif_acgozlu,1,1.0,385,350,32,4.8,0.5,7,0,13.3
P2_zayif_acgozlu,2,1.0,320,217,107,4.8,1.8,7,0,14.5
P2_zayif_acgozlu,3,1.0,342,222,148,5.1,2.4,7,0,15.9
P2_zayif_acgozlu,4,1.0,75,50,190,5.5,3.0,8,303,17.3
P2_zayif_acgozlu,5,1.0,262,110,203,5.7,3.0,8.1,0,18.9
P2_zayif_acgozlu,6,1.0,363,205,175,6.1,2.6,9.1,0,20.5
P2_zayif_acgozlu,7,1.0,407,265,178,6.1,2.7,9.2,0,22.0
P2_zayif_acgozlu,8,1.0,426,285,182,6.2,2.7,9,1,21.7
P2_zayif_acgozlu,9,1.0,447,313,186,5.0,2.9,10.3,0,21.8
P2_zayif_acgozlu,10,1.0,508,338,240,5.4,3.6,10.3,0,22.2
P2_zayif_acgozlu,11,1.0,493,332,249,5.5,3.7,10.3,0,22.9
P2_zayif_acgozlu,12,1.0,532,366,299,6.2,4.4,11,9,24.0
P2_zayif_acgozlu,13,0.013,459,378,360,4.5,5,12,0,23.1
P2_zayif_acgozlu,14,0.013,638,555,288,5.2,4.2,11,0,23.4
P2_zayif_acgozlu,15,0.013,773,636,469,6.2,6.5,13,0,23.9
P2_zayif_acgozlu,16,0.013,619,476,324,6.2,4.8,12,0,24.9
P2_zayif_mantikli,1,1.0,529,494,32,4.8,0.5,7,0,13.3
P2_zayif_mantikli,2,1.0,500,421,107,4.8,1.8,7,0,14.5
P2_zayif_mantikli,3,1.0,539,428,144,5.0,2.4,7,0,15.9
P2_zayif_mantikli,4,1.0,98,73,183,5.4,2.9,8,449,17.2
P2_zayif_mantikli,5,1.0,277,123,196,5.7,2.9,8.1,0,18.8
P2_zayif_mantikli,6,1.0,439,259,179,6.2,2.7,9.1,0,20.4
P2_zayif_mantikli,7,1.0,571,350,172,6.2,2.6,9.2,0,22.1
P2_zayif_mantikli,8,1.0,487,104,173,6.2,2.6,9,128,23.4
P2_zayif_mantikli,9,0.37,450,137,198,5.2,3.0,10.3,0,23.8
P2_zayif_mantikli,10,0.37,618,316,247,5.3,3.7,10.3,0,24.2
P2_zayif_mantikli,11,0.37,714,474,258,5.6,3.8,10.3,0,24.7
P2_zayif_mantikli,12,0.37,599,51,312,6.4,4.5,11,221,25.4
P2_zayif_mantikli,13,0.147,606,283,369,6.3,5.3,11.3,0,26.7
P2_zayif_mantikli,14,0.147,834,575,380,6.6,5.3,11.1,0,27.7
P2_zayif_mantikli,15,0.147,990,848,404,6.5,5.5,12.2,0,28.5
P2_zayif_mantikli,16,0.147,585,60,482,6.7,6.5,12,496,29.4
P2_orta_hic,1,1.0,686,600,95,5.8,1.6,7,0,14.4
P2_orta_hic,2,1.0,888,763,204,5.8,3.3,7,0,17.0
P2_orta_hic,3,1.0,1136,954,250,5.8,3.8,7,0,19.5
P2_orta_hic,4,1.0,759,544,277,6.5,4.3,8,650,22.3
P2_orta_hic,5,1.0,1056,781,291,6.3,4.2,8.1,0,25.2
P2_orta_hic,6,1.0,1328,1021,265,7.0,3.7,9.1,0,28.2
P2_orta_hic,7,1.0,1596,1248,265,7.0,3.7,9.2,0,31.3
P2_orta_hic,8,1.0,1088,707,276,7.1,3.8,9,780,34.4
P2_orta_hic,9,1.0,1412,992,327,6.6,4.4,10.3,0,36.4
P2_orta_hic,10,1.0,1843,1415,435,6.9,5.8,10.3,0,38.6
P2_orta_hic,11,1.0,2301,1797,464,7.2,6.0,10.3,0,41.1
P2_orta_hic,12,1.0,1887,1314,532,8.0,6.7,11,936,43.8
P2_orta_hic,13,1.0,2517,1918,641,8.1,7.9,11.3,0,46.3
P2_orta_hic,14,1.0,3155,2463,650,8.0,7.8,11.1,0,48.9
P2_orta_hic,15,1.0,3810,3090,673,8.5,8.0,12.3,0,51.4
P2_orta_hic,16,1.0,3392,2617,725,8.7,8.5,12,1123,54.2
P2_orta_acgozlu,1,1.0,441,360,89,5.7,1.5,7,0,14.4
P2_orta_acgozlu,2,1.0,386,259,212,5.9,3.4,7,0,16.9
P2_orta_acgozlu,3,1.0,431,281,257,5.8,4.0,7,0,19.6
P2_orta_acgozlu,4,1.0,91,59,305,6.5,4.7,8,401,22.4
P2_orta_acgozlu,5,1.0,419,252,335,6.5,4.8,8.1,0,25.4
P2_orta_acgozlu,6,1.0,530,338,292,7.0,4.0,9.1,0,28.5
P2_orta_acgozlu,7,1.0,549,343,311,7.1,4.3,9.2,0,31.7
P2_orta_acgozlu,8,1.0,449,87,314,7.0,4.2,9,145,33.7
P2_orta_acgozlu,9,1.0,718,424,456,6.5,6.2,10.3,0,36.0
P2_orta_acgozlu,10,1.0,875,584,585,6.5,7.6,10.3,0,38.4
P2_orta_acgozlu,11,1.0,987,603,663,6.6,8.2,10.3,0,40.9
P2_orta_acgozlu,12,1.0,492,79,770,7.1,8.9,11,593,44.1
P2_orta_acgozlu,13,0.843,1177,716,972,7.3,9.7,11.4,0,48.0
P2_orta_acgozlu,14,0.843,1782,889,1012,7.1,9.5,11.1,0,51.3
P2_orta_acgozlu,15,0.843,2670,1388,1202,7.9,10.3,12.3,0,55.2
P2_orta_acgozlu,16,0.843,3174,1484,1331,8.1,10.5,12,714,59.4
P2_orta_mantikli,1,1.0,585,504,89,5.7,1.5,7,0,14.4
P2_orta_mantikli,2,1.0,578,465,212,5.9,3.4,7,0,16.9
P2_orta_mantikli,3,1.0,620,481,256,5.8,3.9,7,0,19.6
P2_orta_mantikli,4,1.0,117,41,341,6.6,5.2,8,573,22.4
P2_orta_mantikli,5,1.0,447,236,332,6.5,4.7,8.1,0,25.3
P2_orta_mantikli,6,1.0,676,488,294,6.9,4.1,9.1,0,28.4
P2_orta_mantikli,7,1.0,781,605,316,7.1,4.4,9.2,0,31.5
P2_orta_mantikli,8,1.0,237,41,324,6.9,4.4,9,577,34.3
P2_orta_mantikli,9,0.96,648,354,460,6.4,6.2,10.3,0,36.3
P2_orta_mantikli,10,0.96,1060,763,600,6.5,7.8,10.3,0,38.2
P2_orta_mantikli,11,0.96,1240,892,633,6.6,8.0,10.3,0,40.2
P2_orta_mantikli,12,0.96,464,135,748,7.1,8.7,11,871,42.7
P2_orta_mantikli,13,0.943,1318,862,995,7.4,10.2,11.3,0,45.6
P2_orta_mantikli,14,0.943,1714,1140,962,7.2,9.5,11.1,0,48.3
P2_orta_mantikli,15,0.943,2384,1508,1172,7.9,10.7,12.2,0,51.9
P2_orta_mantikli,16,0.943,2340,934,1273,8.0,10.8,12,878,55.7
P2_iyi_hic,1,1.0,746,660,150,6.6,2.5,7,0,15.3
P2_iyi_hic,2,1.0,1065,902,306,6.5,4.7,7,0,18.9
P2_iyi_hic,3,1.0,1419,1226,338,6.5,5.2,7,0,22.6
P2_iyi_hic,4,1.0,1190,966,406,7.6,5.9,8,650,26.7
P2_iyi_hic,5,1.0,1611,1371,397,7.4,5.5,8.1,0,30.9
P2_iyi_hic,6,1.0,2004,1709,369,8.0,4.8,9.1,0,35.2
P2_iyi_hic,7,1.0,2422,2059,394,7.8,5.1,9.2,0,39.5
P2_iyi_hic,8,1.0,2037,1655,381,7.8,4.8,9,780,43.6
P2_iyi_hic,9,1.0,2524,2130,471,7.7,5.9,10.3,0,47.1
P2_iyi_hic,10,1.0,3176,2720,632,8.1,7.6,10.3,0,50.9
P2_iyi_hic,11,1.0,3883,3335,689,8.3,8.1,10.3,0,54.8
P2_iyi_hic,12,1.0,3742,3100,782,9.2,8.8,11,936,59.2
P2_iyi_hic,13,1.0,4699,3959,938,9.3,10.2,11.3,0,63.5
P2_iyi_hic,14,1.0,5636,4821,918,9.3,9.7,11.1,0,67.8
P2_iyi_hic,15,1.0,6697,5766,1046,10.1,10.8,12.3,0,72.4
P2_iyi_hic,16,1.0,6671,5631,1085,10.0,10.9,12,1123,77.0
P2_iyi_acgozlu,1,1.0,499,420,143,6.1,2.4,7,0,14.9
P2_iyi_acgozlu,2,1.0,428,297,275,6.2,4.3,7,0,18.3
P2_iyi_acgozlu,3,1.0,526,374,328,6.5,5.0,7,0,22.0
P2_iyi_acgozlu,4,1.0,129,44,451,7.5,6.6,8,560,26.1
P2_iyi_acgozlu,5,1.0,577,364,465,7.1,6.4,8.1,0,30.1
P2_iyi_acgozlu,6,1.0,699,465,428,7.8,5.6,9.1,0,34.5
P2_iyi_acgozlu,7,1.0,767,503,462,7.8,6.0,9.2,0,39.1
P2_iyi_acgozlu,8,1.0,245,49,461,7.7,5.5,9,546,43.8
P2_iyi_acgozlu,9,1.0,953,636,809,7.4,9.3,10.3,0,48.3
P2_iyi_acgozlu,10,1.0,1316,858,1004,7.5,10.8,10.3,0,52.8
P2_iyi_acgozlu,11,1.0,1946,1114,1220,7.8,11.4,10.3,0,57.7
P2_iyi_acgozlu,12,1.0,2231,753,1418,8.4,11.9,11,711,63.2
P2_iyi_acgozlu,13,1.0,3896,2265,1805,8.5,13.6,11.3,0,68.7
P2_iyi_acgozlu,14,1.0,5593,3663,1780,8.2,12.7,11.1,0,74.0
P2_iyi_acgozlu,15,1.0,7610,5554,2026,9.0,13.8,12.3,0,79.7
P2_iyi_acgozlu,16,1.0,8905,6634,2009,9.0,13.3,12,715,85.5
P2_iyi_mantikli,1,1.0,643,564,143,6.1,2.4,7,0,14.9
P2_iyi_mantikli,2,1.0,648,523,275,6.2,4.3,7,0,18.3
P2_iyi_mantikli,3,1.0,682,532,328,6.5,5.0,7,0,22.0
P2_iyi_mantikli,4,1.0,296,96,545,7.6,8.0,8,640,26.2
P2_iyi_mantikli,5,1.0,766,532,484,6.9,6.7,8.1,0,30.1
P2_iyi_mantikli,6,1.0,913,694,422,7.6,5.5,9.1,0,34.2
P2_iyi_mantikli,7,1.0,967,731,422,7.6,5.5,9.2,0,38.5
P2_iyi_mantikli,8,1.0,245,52,477,7.5,5.7,9,751,42.9
P2_iyi_mantikli,9,1.0,1025,646,777,7.1,8.7,10.3,0,46.6
P2_iyi_mantikli,10,1.0,1604,1166,1021,7.7,11.0,10.3,0,50.6
P2_iyi_mantikli,11,1.0,2127,1340,1155,7.7,11.2,10.3,0,54.9
P2_iyi_mantikli,12,1.0,2006,822,1348,8.2,11.9,11,814,60.0
P2_iyi_mantikli,13,1.0,3435,1996,1669,8.2,12.8,11.3,0,65.0
P2_iyi_mantikli,14,1.0,5029,3244,1751,8.3,12.7,11.1,0,70.3
P2_iyi_mantikli,15,1.0,6980,4939,2014,9.0,14.2,12.3,0,76.0
P2_iyi_mantikli,16,1.0,8294,6069,2041,9.1,13.8,12,720,82.0
P3_zayif_hic,1,1.0,796,710,86,6.4,1.1,8,0,14.4
P3_zayif_hic,2,1.0,1001,855,225,6.3,2.9,8,0,16.8
P3_zayif_hic,3,1.0,1232,1030,257,6.2,3.2,8,0,19.0
P3_zayif_hic,4,1.0,351,135,276,6.3,3.5,8,1130,21.2
P3_zayif_hic,5,1.0,603,311,265,6.6,3.2,9.1,0,23.6
P3_zayif_hic,6,1.0,842,483,247,6.7,2.9,9.1,0,25.9
P3_zayif_hic,7,1.0,1105,696,269,6.6,3.1,9.2,0,28.1
P3_zayif_hic,8,1.0,252,73,257,7.4,3.0,10,1086,30.8
P3_zayif_hic,9,0.977,493,246,283,6,3.3,10.3,0,31.9
P3_zayif_hic,10,0.977,812,471,346,6.4,4.0,10.3,0,33.2
P3_zayif_hic,11,0.977,1152,730,368,6.9,4.2,11.3,0,34.6
P3_zayif_hic,12,0.977,619,135,403,7.3,4.5,11,899,36.4
P3_zayif_hic,13,0.65,762,461,516,7.9,5.6,12.3,0,38.6
P3_zayif_hic,14,0.65,1286,946,560,7.9,6.0,12.0,0,40.4
P3_zayif_hic,15,0.65,1787,1387,546,8.0,5.8,12.2,0,42.1
P3_zayif_hic,16,0.65,692,148,584,9.2,6.2,13,1635,44.5
P3_zayif_acgozlu,1,1.0,477,395,83,6.4,1.1,8,0,14.4
P3_zayif_acgozlu,2,1.0,550,394,226,6.2,2.9,8,0,16.6
P3_zayif_acgozlu,3,1.0,598,442,267,6.3,3.3,8,0,19.0
P3_zayif_acgozlu,4,1.0,119,88,291,6.5,3.6,8,478,21.3
P3_zayif_acgozlu,5,1.0,399,194,299,7.0,3.6,9.1,0,23.8
P3_zayif_acgozlu,6,1.0,582,371,276,7.0,3.2,9.1,0,26.4
P3_zayif_acgozlu,7,1.0,659,464,261,6.8,3.0,9.2,0,28.8
P3_zayif_acgozlu,8,1.0,682,485,256,7.5,3.0,10,0,29.5
P3_zayif_acgozlu,9,1.0,733,504,279,6.2,3.3,10.3,0,30.8
P3_zayif_acgozlu,10,1.0,835,581,350,6.6,4.0,10.3,0,32.3
P3_zayif_acgozlu,11,1.0,831,602,388,7.3,4.4,11.3,0,34.4
P3_zayif_acgozlu,12,1.0,879,612,439,7.3,4.8,11,9,36.7
P3_zayif_acgozlu,13,0.007,779,628,662,6,7,12,0,38.3
P3_zayif_acgozlu,14,0.007,982,915,726,7,7.5,12,0,39.5
P3_zayif_acgozlu,15,0.007,1192,1158,482,6.5,5,12,0,41.6
P3_zayif_acgozlu,16,0.007,1164,875,762,9,7.5,13,0,46.7
P3_zayif_mantikli,1,1.0,796,710,86,6.4,1.1,8,0,14.4
P3_zayif_mantikli,2,1.0,886,758,227,6.2,2.9,8,0,16.7
P3_zayif_mantikli,3,1.0,961,768,270,6.2,3.4,8,0,18.9
P3_zayif_mantikli,4,1.0,176,144,304,6.5,3.8,8,766,21.2
P3_zayif_mantikli,5,1.0,469,264,305,6.8,3.6,9.1,0,23.7
P3_zayif_mantikli,6,1.0,726,465,268,6.8,3.1,9.1,0,26.1
P3_zayif_mantikli,7,1.0,931,622,269,6.8,3.1,9.2,0,28.5
P3_zayif_mantikli,8,1.0,939,238,282,7.7,3.3,10,112,31.0
P3_zayif_mantikli,9,0.28,917,349,329,6.2,3.8,10.1,0,32.0
P3_zayif_mantikli,10,0.28,1152,631,403,6.5,4.6,10.3,0,33.5
P3_zayif_mantikli,11,0.28,1326,978,433,7.2,4.8,11.2,0,35.2
P3_zayif_mantikli,12,0.28,1203,264,484,7.7,5.3,11,203,37.4
P3_zayif_mantikli,13,0.063,1187,663,627,8.5,6.4,12.5,0,39.4
P3_zayif_mantikli,14,0.063,1486,1072,589,8.3,6.2,11.9,0,41.6
P3_zayif_mantikli,15,0.063,1776,1395,621,7.6,6.4,12.1,0,43.8
P3_zayif_mantikli,16,0.063,818,141,867,9.1,8.6,13,1197,46.7
P3_orta_hic,1,1.0,862,720,150,7.3,2.0,8,0,15.6
P3_orta_hic,2,1.0,1227,1013,373,7.3,4.7,8,0,19.4
P3_orta_hic,3,1.0,1642,1396,423,7.2,5.3,8,0,23.1
P3_orta_hic,4,1.0,965,681,468,7.2,5.6,8,1140,26.9
P3_orta_hic,5,1.0,1451,1101,479,7.7,5.4,9.1,0,30.9
P3_orta_hic,6,1.0,1874,1488,411,7.6,4.5,9.1,0,34.8
P3_orta_hic,7,1.0,2291,1858,404,7.5,4.4,9.2,0,38.6
P3_orta_hic,8,1.0,1368,866,451,8.3,4.8,10,1368,42.9
P3_orta_hic,9,1.0,1863,1348,492,7.4,5.2,10.3,0,46.0
P3_orta_hic,10,1.0,2500,1879,644,7.7,6.6,10.3,0,49.2
P3_orta_hic,11,1.0,3220,2543,728,8.5,7.3,11.3,0,52.8
P3_orta_hic,12,1.0,2372,1691,814,8.4,8.0,11,1642,56.4
P3_orta_hic,13,1.0,3365,2538,1006,9.1,9.6,12.3,0,60.1
P3_orta_hic,14,1.0,4358,3489,1009,9.0,9.4,12.1,0,63.8
P3_orta_hic,15,1.0,5336,4348,997,9.1,9.1,12.3,0,67.4
P3_orta_hic,16,1.0,4475,3459,1134,9.8,10.2,13,1970,71.4
P3_orta_acgozlu,1,1.0,541,405,145,7.3,1.9,8,0,15.6
P3_orta_acgozlu,2,1.0,656,464,369,7.2,4.6,8,0,19.3
P3_orta_acgozlu,3,1.0,757,555,423,7.3,5.3,8,0,23.2
P3_orta_acgozlu,4,1.0,162,118,490,7.3,5.8,8,696,26.9
P3_orta_acgozlu,5,1.0,700,439,553,7.8,6.2,9.1,0,31.0
P3_orta_acgozlu,6,1.0,854,555,431,7.4,4.7,9.1,0,34.8
P3_orta_acgozlu,7,1.0,883,588,440,7.6,4.8,9.2,0,38.8
P3_orta_acgozlu,8,1.0,836,259,493,8.2,5.2,10,114,41.8
P3_orta_acgozlu,9,1.0,1202,775,736,7.4,7.7,10.3,0,45.3
P3_orta_acgozlu,10,1.0,1424,970,917,7.5,9.0,10.3,0,49.3
P3_orta_acgozlu,11,1.0,1753,1133,1107,8.1,10.1,11.3,0,53.6
P3_orta_acgozlu,12,1.0,985,229,1154,8.0,9.6,11,1030,58.3
P3_orta_acgozlu,13,0.87,2468,1467,1797,8.8,12.6,12.4,0,63.8
P3_orta_acgozlu,14,0.87,3918,2183,1756,8.7,11.6,12.1,0,68.9
P3_orta_acgozlu,15,0.87,5597,3537,1884,8.7,11.9,12.3,0,74.1
P3_orta_acgozlu,16,0.87,6355,4145,2086,9.2,12.5,13,1253,79.6
P3_orta_mantikli,1,1.0,862,720,150,7.3,2.0,8,0,15.6
P3_orta_mantikli,2,1.0,1001,812,367,7.2,4.6,8,0,19.3
P3_orta_mantikli,3,1.0,1088,883,431,7.2,5.4,8,0,23.0
P3_orta_mantikli,4,1.0,206,67,580,7.1,6.9,8,1038,26.6
P3_orta_mantikli,5,1.0,706,431,493,7.6,5.6,9.1,0,30.6
P3_orta_mantikli,6,1.0,1058,755,408,7.4,4.5,9.1,0,34.3
P3_orta_mantikli,7,1.0,1240,995,431,7.3,4.7,9.2,0,38.2
P3_orta_mantikli,8,1.0,379,65,472,8.0,5.0,10,938,42.0
P3_orta_mantikli,9,0.957,1029,605,723,7.0,7.6,10.3,0,44.9
P3_orta_mantikli,10,0.957,1676,1251,848,7.3,8.7,10.3,0,47.8
P3_orta_mantikli,11,0.957,2053,1527,958,7.9,9.5,11.2,0,51.0
P3_orta_mantikli,12,0.957,695,163,985,7.8,9.2,11,1434,54.5
P3_orta_mantikli,13,0.93,2111,1419,1568,8.8,12.7,12.4,0,59.0
P3_orta_mantikli,14,0.93,2844,1949,1476,8.7,11.5,12.1,0,63.4
P3_orta_mantikli,15,0.93,3770,2505,1644,8.7,11.6,12.2,0,68.2
P3_orta_mantikli,16,0.93,3587,1754,1976,9.5,12.8,13,1564,73.7
P3_iyi_hic,1,1.0,926,795,210,7.9,2.7,8,0,16.3
P3_iyi_hic,2,1.0,1401,1178,464,7.8,5.8,8,0,21.0
P3_iyi_hic,3,1.0,1989,1733,574,7.8,6.9,8,0,25.7
P3_iyi_hic,4,1.0,1466,1146,602,7.8,7.1,8,1140,30.4
P3_iyi_hic,5,1.0,2099,1776,602,8.3,6.5,9.1,0,35.4
P3_iyi_hic,6,1.0,2645,2257,517,8.1,5.5,9.1,0,40.2
P3_iyi_hic,7,1.0,3159,2648,485,8.2,5.0,9.2,0,45.1
P3_iyi_hic,8,1.0,2354,1778,549,8.9,5.6,10,1368,50.3
P3_iyi_hic,9,1.0,3009,2416,633,8.3,6.4,10.3,0,54.8
P3_iyi_hic,10,1.0,3888,3214,859,8.5,8.3,10.3,0,59.4
P3_iyi_hic,11,1.0,4847,4086,940,9.5,8.8,11.3,0,64.7
P3_iyi_hic,12,1.0,4309,3394,1090,9.5,9.9,11,1642,69.8
P3_iyi_hic,13,1.0,5606,4556,1273,10.2,11.1,12.3,0,75.3
P3_iyi_hic,14,1.0,6933,5831,1305,10.1,11.1,12.1,0,80.7
P3_iyi_hic,15,1.0,8261,7013,1315,10.0,10.9,12.3,0,85.9
P3_iyi_hic,16,1.0,7747,6381,1443,10.8,11.7,13,1970,91.7
P3_iyi_acgozlu,1,1.0,610,480,209,7.7,2.7,8,0,16.2
P3_iyi_acgozlu,2,1.0,727,544,454,7.8,5.7,8,0,20.8
P3_iyi_acgozlu,3,1.0,894,626,565,7.8,6.8,8,0,25.6
P3_iyi_acgozlu,4,1.0,195,74,637,7.8,7.5,8,950,30.3
P3_iyi_acgozlu,5,1.0,880,575,695,8.2,7.5,9.1,0,35.4
P3_iyi_acgozlu,6,1.0,957,634,512,8.0,5.4,9.1,0,40.3
P3_iyi_acgozlu,7,1.0,1068,706,606,7.9,6.2,9.2,0,45.3
P3_iyi_acgozlu,8,1.0,503,95,639,8.4,6.2,10,655,50.5
P3_iyi_acgozlu,9,1.0,1494,980,1184,8.0,10.9,10.3,0,55.9
P3_iyi_acgozlu,10,1.0,2031,1353,1412,8.2,12.1,10.3,0,61.7
P3_iyi_acgozlu,11,1.0,3063,1909,1732,8.8,13.0,11.3,0,67.9
P3_iyi_acgozlu,12,1.0,3126,1058,1851,8.7,12.5,11,1267,74.3
P3_iyi_acgozlu,13,1.0,5462,3240,2554,9.7,15.5,12.3,0,81.3
P3_iyi_acgozlu,14,1.0,7995,5364,2615,9.4,15.0,12.1,0,88.1
P3_iyi_acgozlu,15,1.0,10676,7920,2684,9.5,14.8,12.3,0,94.6
P3_iyi_acgozlu,16,1.0,12304,9468,2910,10.2,15.7,13,1278,98.7
P3_iyi_mantikli,1,1.0,926,795,210,7.9,2.7,8,0,16.3
P3_iyi_mantikli,2,1.0,1082,890,478,7.7,6.0,8,0,20.8
P3_iyi_mantikli,3,1.0,1197,980,554,7.8,6.7,8,0,25.5
P3_iyi_mantikli,4,1.0,525,216,844,7.8,9.9,8,1132,30.1
P3_iyi_mantikli,5,1.0,1160,849,628,7.9,6.8,9.1,0,34.8
P3_iyi_mantikli,6,1.0,1419,1120,543,7.7,5.8,9.1,0,39.3
P3_iyi_mantikli,7,1.0,1445,1134,563,7.8,5.9,9.2,0,44.2
P3_iyi_mantikli,8,1.0,323,94,656,8.4,6.4,10,1233,49.4
P3_iyi_mantikli,9,1.0,1465,925,1133,7.8,10.2,10.3,0,53.9
P3_iyi_mantikli,10,1.0,2333,1740,1354,8.1,11.7,10.3,0,58.8
P3_iyi_mantikli,11,1.0,3155,2166,1584,8.6,12.6,11.3,0,64.0
P3_iyi_mantikli,12,1.0,2391,976,1769,8.7,13.1,11,1496,70.0
P3_iyi_mantikli,13,1.0,4558,2788,2517,9.5,15.7,12.3,0,76.4
P3_iyi_mantikli,14,1.0,6690,4501,2452,9.3,14.5,12.1,0,83.0
P3_iyi_mantikli,15,1.0,9074,6604,2559,9.4,14.6,12.3,0,89.7
P3_iyi_mantikli,16,1.0,10717,7862,2897,10.1,16.0,13,1235,95.9
P4_zayif_hic,1,1.0,937,849,83,6.8,0.9,8,0,14.9
P4_zayif_hic,2,1.0,1219,1000,308,6.3,3.2,8,0,17.5
P4_zayif_hic,3,1.0,1537,1244,343,6.5,3.5,8,0,20.2
P4_zayif_hic,4,1.0,353,95,414,6.4,4.2,8,1565,22.7
P4_zayif_hic,5,1.0,728,426,383,6.8,3.7,9.1,0,25.4
P4_zayif_hic,6,1.0,1059,682,336,6.8,3.1,9.1,0,28.1
P4_zayif_hic,7,1.0,1372,904,317,6.6,3.0,9.2,0,30.6
P4_zayif_hic,8,1.0,409,148,332,7.4,3.1,10,1267,33.5
P4_zayif_hic,9,0.897,605,334,345,6.4,3.2,10.2,0,35.3
P4_zayif_hic,10,0.897,1035,622,457,6.7,4.2,10.4,0,37.1
P4_zayif_hic,11,0.897,1556,1040,550,7.2,5.0,11.3,0,39.1
P4_zayif_hic,12,0.897,1122,132,609,7.5,5.5,11,999,41.3
P4_zayif_hic,13,0.443,1073,683,810,8,7.1,12.3,0,43.8
P4_zayif_hic,14,0.443,1827,1355,806,8.1,7.0,12.0,0,45.9
P4_zayif_hic,15,0.443,2546,1909,771,8.0,6.7,12.2,0,47.8
P4_zayif_hic,16,0.443,895,208,862,8.4,7.4,13,2459,50.0
P4_zayif_acgozlu,1,1.0,566,479,87,6.7,0.9,8,0,14.9
P4_zayif_acgozlu,2,1.0,704,506,306,6.4,3.2,8,0,17.5
P4_zayif_acgozlu,3,1.0,802,606,365,6.7,3.7,8,0,20.3
P4_zayif_acgozlu,4,1.0,174,127,426,6.6,4.3,8,698,23.0
P4_zayif_acgozlu,5,1.0,599,332,438,7.1,4.2,9.1,0,25.8
P4_zayif_acgozlu,6,1.0,825,548,364,7.1,3.4,9.1,0,28.7
P4_zayif_acgozlu,7,1.0,875,618,319,7.0,3.0,9.2,0,31.5
P4_zayif_acgozlu,8,1.0,950,692,376,7.6,3.5,10,0,32.5
P4_zayif_acgozlu,9,1.0,1063,782,384,6.2,3.7,10.3,0,34.1
P4_zayif_acgozlu,10,1.0,1206,840,522,6.6,4.8,10.3,0,36.0
P4_zayif_acgozlu,11,1.0,1251,891,635,7.5,5.8,11.3,0,38.4
P4_zayif_acgozlu,12,1.0,1330,909,731,7.4,6.4,11,13,41.0
P4_zayif_acgozlu,13,0.007,1366,1064,1362,8,10.5,12,0,42.3
P4_zayif_acgozlu,14,0.007,2020,1593,1376,7.5,10.5,11,0,44.4
P4_zayif_acgozlu,15,0.007,3012,2307,1638,11,12.5,14,0,50.7
P4_zayif_acgozlu,16,0.007,1770,875,1604,10.5,11.5,13,2113,56.8
P4_zayif_mantikli,1,1.0,937,849,83,6.8,0.9,8,0,14.9
P4_zayif_mantikli,2,1.0,1183,994,311,6.4,3.2,8,0,17.5
P4_zayif_mantikli,3,1.0,1302,1089,343,6.5,3.5,8,0,20.2
P4_zayif_mantikli,4,1.0,247,203,427,6.5,4.3,8,1117,22.7
P4_zayif_mantikli,5,1.0,643,365,408,7.0,3.9,9.1,0,25.5
P4_zayif_mantikli,6,1.0,989,599,355,7.0,3.3,9.1,0,28.4
P4_zayif_mantikli,7,1.0,1289,859,349,6.8,3.3,9.2,0,31.0
P4_zayif_mantikli,8,1.0,1323,325,360,7.5,3.4,10,130,33.8
P4_zayif_mantikli,9,0.173,1021,394,423,6.2,3.9,9.8,0,35.7
P4_zayif_mantikli,10,0.173,1490,866,604,6.8,5.6,10.3,0,37.7
P4_zayif_mantikli,11,0.173,1822,1276,636,7.4,5.7,11.2,0,39.9
P4_zayif_mantikli,12,0.173,1553,387,719,7.3,6.3,11,483,42.0
P4_zayif_mantikli,13,0.043,1410,723,964,7.7,7.9,12.5,0,44.6
P4_zayif_mantikli,14,0.043,2188,1520,1062,7.4,8.5,11.9,0,47.1
P4_zayif_mantikli,15,0.043,2635,2164,1076,7.8,8.3,11.8,0,49.7
P4_zayif_mantikli,16,0.043,1051,43,1281,8.5,9.5,13,2128,52.7
P4_orta_hic,1,1.0,1095,947,243,7.7,2.5,8,0,16.2
P4_orta_hic,2,1.0,1593,1352,507,7.4,5.2,8,0,20.3
P4_orta_hic,3,1.0,2141,1841,557,7.5,5.6,8,0,24.6
P4_orta_hic,4,1.0,1089,748,589,7.3,5.7,8,1630,28.7
P4_orta_hic,5,1.0,1672,1241,568,7.6,5.2,9.1,0,32.9
P4_orta_hic,6,1.0,2197,1679,508,7.6,4.5,9.1,0,37.1
P4_orta_hic,7,1.0,2699,2052,486,7.6,4.3,9.2,0,41.2
P4_orta_hic,8,1.0,1254,540,508,8.4,4.5,10,1948,45.9
P4_orta_hic,9,1.0,1889,1078,632,7.4,5.5,10.3,0,49.3
P4_orta_hic,10,1.0,2718,1805,833,7.7,7.1,10.3,0,53.0
P4_orta_hic,11,1.0,3636,2598,922,8.7,7.7,11.3,0,57.1
P4_orta_hic,12,1.0,2254,1154,986,8.5,8.0,11,2347,61.1
P4_orta_hic,13,1.0,3532,2334,1285,9.2,10.2,12.3,0,65.4
P4_orta_hic,14,1.0,4775,3506,1248,8.9,9.6,12.1,0,69.5
P4_orta_hic,15,1.0,6009,4661,1250,8.9,9.5,12.3,0,73.5
P4_orta_hic,16,1.0,4575,3126,1411,9.9,10.6,13,2817,78.1
P4_orta_acgozlu,1,1.0,712,572,235,7.7,2.5,8,0,16.1
P4_orta_acgozlu,2,1.0,918,716,498,7.5,5.1,8,0,20.3
P4_orta_acgozlu,3,1.0,1065,784,581,7.5,5.8,8,0,24.6
P4_orta_acgozlu,4,1.0,231,163,661,7.4,6.4,8,977,28.8
P4_orta_acgozlu,5,1.0,893,557,677,7.6,6.2,9.1,0,33.0
P4_orta_acgozlu,6,1.0,1132,831,525,7.6,4.7,9.1,0,37.4
P4_orta_acgozlu,7,1.0,1154,793,515,7.5,4.5,9.2,0,41.7
P4_orta_acgozlu,8,1.0,1200,820,633,8.2,5.4,10,55,44.9
P4_orta_acgozlu,9,1.0,1601,1138,912,7.1,7.8,10.3,0,48.7
P4_orta_acgozlu,10,1.0,1798,1209,1096,7.4,8.8,10.3,0,53.1
P4_orta_acgozlu,11,1.0,2228,1475,1381,8.1,10.2,11.3,0,58.1
P4_orta_acgozlu,12,1.0,1289,201,1547,8.1,10.4,11,1449,63.5
P4_orta_acgozlu,13,0.833,3117,1651,2156,8.7,12.3,12.4,0,69.4
P4_orta_acgozlu,14,0.833,5110,2645,2237,8.9,12.0,12.1,0,75.2
P4_orta_acgozlu,15,0.833,7372,4287,2415,9.1,12.6,12.3,0,81.2
P4_orta_acgozlu,16,0.833,8274,4946,2749,9.7,13.7,13,1774,87.7
P4_orta_mantikli,1,1.0,1095,947,243,7.7,2.5,8,0,16.2
P4_orta_mantikli,2,1.0,1410,1233,510,7.5,5.2,8,0,20.3
P4_orta_mantikli,3,1.0,1520,1258,566,7.4,5.7,8,0,24.4
P4_orta_mantikli,4,1.0,251,53,755,7.3,7.3,8,1482,28.5
P4_orta_mantikli,5,1.0,846,500,579,7.5,5.3,9.1,0,32.7
P4_orta_mantikli,6,1.0,1349,948,523,7.4,4.7,9.1,0,36.8
P4_orta_mantikli,7,1.0,1653,1341,530,7.4,4.7,9.2,0,40.9
P4_orta_mantikli,8,1.0,621,96,599,8.1,5.3,10,1167,45.0
P4_orta_mantikli,9,0.943,1366,753,872,6.9,7.6,10.2,0,48.3
P4_orta_mantikli,10,0.943,2188,1574,1058,7.1,8.9,10.3,0,51.6
P4_orta_mantikli,11,0.943,2778,2112,1240,8.1,10.1,11.3,0,55.4
P4_orta_mantikli,12,0.943,995,125,1325,7.9,10.2,11,2056,59.5
P4_orta_mantikli,13,0.907,2509,1514,1724,8.7,11.7,12.3,0,64.3
P4_orta_mantikli,14,0.907,3589,2526,1845,8.8,12.0,12.1,0,69.3
P4_orta_mantikli,15,0.907,4854,3160,2079,9.1,12.5,12.3,0,74.8
P4_orta_mantikli,16,0.907,4333,1875,2449,9.6,13.4,13,2296,80.8
P4_iyi_hic,1,1.0,1091,916,230,7.9,2.4,8,0,16.6
P4_iyi_hic,2,1.0,1711,1436,610,7.9,6.2,8,0,21.6
P4_iyi_hic,3,1.0,2426,2121,698,7.9,6.9,8,0,26.6
P4_iyi_hic,4,1.0,1561,1236,750,7.9,7.2,8,1630,31.7
P4_iyi_hic,5,1.0,2349,1918,752,8.2,6.7,9.1,0,36.9
P4_iyi_hic,6,1.0,3025,2562,642,8.1,5.6,9.1,0,42.0
P4_iyi_hic,7,1.0,3694,3123,632,8.1,5.4,9.2,0,47.0
P4_iyi_hic,8,1.0,2393,1712,640,8.8,5.5,10,1956,52.4
P4_iyi_hic,9,1.0,3254,2488,835,8.3,7.0,10.3,0,57.2
P4_iyi_hic,10,1.0,4345,3540,1071,8.5,8.7,10.3,0,62.2
P4_iyi_hic,11,1.0,5595,4553,1227,9.5,9.7,11.3,0,67.8
P4_iyi_hic,12,1.0,4563,3386,1304,9.5,10.0,11,2347,73.3
P4_iyi_hic,13,1.0,6237,4991,1649,10.3,12.2,12.3,0,79.1
P4_iyi_hic,14,1.0,7899,6494,1643,10.1,11.8,12.1,0,84.9
P4_iyi_hic,15,1.0,9558,8042,1643,10.2,11.6,12.3,0,90.7
P4_iyi_hic,16,1.0,8558,6937,1809,10.8,12.5,13,2817,96.3
P4_iyi_acgozlu,1,1.0,704,489,219,7.9,2.3,8,0,16.6
P4_iyi_acgozlu,2,1.0,1000,742,597,7.9,6.1,8,0,21.5
P4_iyi_acgozlu,3,1.0,1147,811,691,7.9,6.8,8,0,26.6
P4_iyi_acgozlu,4,1.0,244,97,883,7.9,8.5,8,1319,31.7
P4_iyi_acgozlu,5,1.0,1107,700,869,8.1,7.8,9.1,0,36.9
P4_iyi_acgozlu,6,1.0,1307,913,677,7.9,5.9,9.1,0,42.0
P4_iyi_acgozlu,7,1.0,1428,1017,715,7.8,6.0,9.2,0,47.2
P4_iyi_acgozlu,8,1.0,808,187,788,8.5,6.2,10,728,52.4
P4_iyi_acgozlu,9,1.0,1967,1224,1487,7.9,11.3,10.3,0,58.1
P4_iyi_acgozlu,10,1.0,2727,1859,1728,8.0,12.4,10.3,0,64.0
P4_iyi_acgozlu,11,1.0,3933,2333,2112,8.7,13.3,11.3,0,70.6
P4_iyi_acgozlu,12,1.0,3944,1708,2382,8.7,13.5,11,1784,77.5
P4_iyi_acgozlu,13,1.0,6710,3875,3005,9.3,15.6,12.3,0,84.7
P4_iyi_acgozlu,14,1.0,9692,6388,3073,9.2,15.1,12.1,0,91.7
P4_iyi_acgozlu,15,1.0,12934,9346,3257,9.5,15.5,12.3,0,97.5
P4_iyi_acgozlu,16,1.0,14506,10790,3373,9.7,15.9,13,1800,99.5
P4_iyi_mantikli,1,1.0,1091,916,230,7.9,2.4,8,0,16.6
P4_iyi_mantikli,2,1.0,1512,1238,633,7.9,6.5,8,0,21.6
P4_iyi_mantikli,3,1.0,1656,1347,693,7.8,6.8,8,0,26.6
P4_iyi_mantikli,4,1.0,610,291,1099,7.8,10.6,8,1623,31.5
P4_iyi_mantikli,5,1.0,1393,958,750,7.7,6.7,9.1,0,36.4
P4_iyi_mantikli,6,1.0,1869,1509,696,7.7,6.1,9.1,0,41.2
P4_iyi_mantikli,7,1.0,1922,1530,671,7.7,5.8,9.2,0,46.1
P4_iyi_mantikli,8,1.0,367,92,780,8.3,6.3,10,1739,51.4
P4_iyi_mantikli,9,1.0,1740,1139,1356,7.7,10.3,10.3,0,56.2
P4_iyi_mantikli,10,1.0,2932,2249,1616,7.9,11.9,10.3,0,61.2
P4_iyi_mantikli,11,1.0,4017,2854,1932,8.9,13.3,11.3,0,66.7
P4_iyi_mantikli,12,1.0,2501,876,2045,8.5,13.1,11,2185,72.8
P4_iyi_mantikli,13,1.0,5005,3295,2974,9.3,16.2,12.3,0,79.5
P4_iyi_mantikli,14,1.0,7392,4976,2966,9.3,15.4,12.1,0,86.5
P4_iyi_mantikli,15,1.0,10097,7035,3028,9.2,14.8,12.3,0,93.2
P4_iyi_mantikli,16,1.0,11682,8352,3417,9.9,16.2,13,1754,98.1
