P,profile,card,buyDay,cost,gain_total,gain_per_day,payback_days,d_final,d_loss_pp,base_day_income
1,zayif,wide_storage,1,60,58,3.9,15.5,-4,13.0,80
1,zayif,packing_station,1,150,179,11.9,12.6,28,34.0,80
1,zayif,extra_hangar,1,200,234,15.6,12.8,33,15.5,80
1,zayif,quest_tier,1,90,85,5.6,15.9,-4,17.5,80
1,zayif,cheap_rent,9,250,237,33.9,7.4,-7,14.5,80
1,zayif,prestige_broker,9,169,159,22.7,7.4,-7,17.0,80
1,zayif,prestige_master,5,366,418,38.0,9.6,56,57.0,80
1,zayif,fast_hangar,5,120,127,11.5,10.4,9,16.0,80
1,zayif,energetic_crew,1,55,62,4.2,13.2,8,10.0,80
1,zayif,agile_crew,1,110,137,9.2,12.0,37,13.5,80
1,zayif,patient_customers,1,60,72,4.8,12.6,14,16.0,80
1,zayif,gambler_case,5,331,384,34.9,9.5,69,32.5,80
1,zayif,phone_line,1,60,72,4.8,12.5,10,15.0,80
1,zayif,overtime,1,120,129,8.6,14.0,9,22.0,80
1,zayif,leveraged_rent,9,279,322,46.0,6.1,49,7.0,80
1,zayif,high_volatility,5,312,365,33.2,9.4,58,35.0,80
1,zayif,emergency_brake,1,90,99,6.6,13.6,7,-16.5,80
1,zayif,all_in,9,291,383,54.8,5.3,97,15.0,80
1,zayif,bulk_buy,1,30,28,1.9,15.9,-5,9.0,80
1,orta,wide_storage,1,60,88,5.9,10.2,26,0.0,140
1,orta,packing_station,1,150,91,6.1,24.6,-60,0.0,140
1,orta,extra_hangar,1,200,393,26.2,7.6,186,0.0,140
1,orta,quest_tier,1,90,73,4.9,18.5,-28,0.0,140
1,orta,cheap_rent,9,255,194,27.7,9.2,-63,0.0,140
1,orta,prestige_broker,9,170,82,11.8,14.5,-90,0.5,140
1,orta,prestige_master,5,375,156,14.2,26.4,-218,0.0,140
1,orta,fast_hangar,5,120,44,4.0,29.8,-79,0.0,140
1,orta,energetic_crew,1,55,94,6.3,8.8,41,0.0,140
1,orta,agile_crew,1,110,112,7.5,14.7,0,0.0,140
1,orta,patient_customers,1,60,85,5.6,10.6,17,0.0,140
1,orta,gambler_case,5,350,420,38.2,9.2,71,0.5,140
1,orta,phone_line,1,60,113,7.5,8.0,57,0.0,140
1,orta,overtime,1,120,96,6.4,18.8,-23,0.0,140
1,orta,leveraged_rent,9,300,261,37.3,8.0,-42,0.5,140
1,orta,high_volatility,5,320,348,31.6,10.1,20,0.0,140
1,orta,emergency_brake,1,90,89,5.9,15.2,-3,0.0,140
1,orta,all_in,9,320,318,45.5,7.0,-4,0.5,140
1,orta,bulk_buy,1,30,88,5.8,5.1,56,0.0,140
1,iyi,wide_storage,1,60,-55,-3.7,,-107,0.0,216
1,iyi,packing_station,1,150,-55,-3.7,,-197,0.0,216
1,iyi,extra_hangar,1,200,480,32.0,6.3,287,0.0,216
1,iyi,quest_tier,1,90,-60,-4.0,,-143,0.0,216
1,iyi,cheap_rent,9,255,155,22.1,11.5,-103,0.0,216
1,iyi,prestige_broker,9,170,109,15.5,11.0,-65,0.0,216
1,iyi,prestige_master,5,375,143,13.0,28.8,-224,0.0,216
1,iyi,fast_hangar,5,120,45,4.1,29.3,-59,0.0,216
1,iyi,energetic_crew,1,55,66,4.4,12.6,21,0.0,216
1,iyi,agile_crew,1,110,49,3.3,33.4,-49,0.0,216
1,iyi,patient_customers,1,60,-17,-1.1,,-72,0.0,216
1,iyi,gambler_case,5,350,604,54.9,6.4,261,0.0,216
1,iyi,phone_line,1,60,94,6.2,9.6,44,0.0,216
1,iyi,overtime,1,120,-95,-6.4,,-227,0.0,216
1,iyi,leveraged_rent,9,300,220,31.4,9.6,-83,0.0,216
1,iyi,high_volatility,5,320,447,40.6,7.9,130,0.0,216
1,iyi,emergency_brake,1,90,-55,-3.7,,-137,0.0,216
1,iyi,all_in,9,320,393,56.2,5.7,70,0.0,216
1,iyi,bulk_buy,1,30,-55,-3.7,,-77,0.0,216
2,zayif,wide_storage,1,96,106,7.1,13.5,4,9.5,202
2,zayif,packing_station,1,240,318,21.2,11.3,63,34.0,202
2,zayif,extra_hangar,1,320,358,23.9,13.4,36,6.0,202
2,zayif,quest_tier,1,90,116,7.7,11.7,20,8.0,202
2,zayif,cheap_rent,9,405,410,58.5,6.9,2,5.5,202
2,zayif,prestige_broker,9,272,250,35.7,7.6,-27,9.5,202
2,zayif,prestige_master,5,594,712,64.8,9.2,107,35.5,202
2,zayif,fast_hangar,5,192,262,23.8,8.1,57,35.0,202
2,zayif,energetic_crew,1,88,102,6.8,13.0,19,-3.0,202
2,zayif,agile_crew,1,176,245,16.3,10.8,68,5.0,202
2,zayif,patient_customers,1,96,102,6.8,14.1,3,6.0,202
2,zayif,gambler_case,5,554,749,68.1,8.1,196,21.5,202
2,zayif,phone_line,1,96,118,7.9,12.2,23,9.0,202
2,zayif,overtime,1,192,237,15.8,12.2,39,10.0,202
2,zayif,leveraged_rent,9,470,595,85.1,5.5,120,4.5,202
2,zayif,high_volatility,5,509,633,57.6,8.8,121,14.5,202
2,zayif,emergency_brake,1,144,173,11.5,12.5,29,-24.0,202
2,zayif,all_in,9,499,759,108.4,4.6,255,9.5,202
2,zayif,bulk_buy,1,48,57,3.8,12.7,4,4.0,202
2,orta,wide_storage,1,96,44,2.9,32.8,-60,0.0,396
2,orta,packing_station,1,240,-157,-10.5,,-402,0.0,396
2,orta,extra_hangar,1,320,881,58.8,5.4,554,0.0,396
2,orta,quest_tier,1,90,-15,-1.0,,-116,0.0,396
2,orta,cheap_rent,9,408,430,61.4,6.6,16,0.0,396
2,orta,prestige_broker,9,272,331,47.3,5.7,54,0.0,396
2,orta,prestige_master,5,600,450,40.9,14.7,-153,0.0,396
2,orta,fast_hangar,5,192,139,12.6,15.2,-58,0.0,396
2,orta,energetic_crew,1,88,114,7.6,11.6,25,0.0,396
2,orta,agile_crew,1,176,240,16.0,11.0,64,0.0,396
2,orta,patient_customers,1,96,62,4.1,23.2,-43,0.0,396
2,orta,gambler_case,5,560,956,86.9,6.4,392,0.0,396
2,orta,phone_line,1,96,67,4.5,21.4,-37,0.0,396
2,orta,overtime,1,192,64,4.3,44.8,-136,0.0,396
2,orta,leveraged_rent,9,480,581,83.0,5.8,95,0.0,396
2,orta,high_volatility,5,512,795,72.3,7.1,282,0.0,396
2,orta,emergency_brake,1,144,44,2.9,49.2,-108,0.0,396
2,orta,all_in,9,512,776,110.8,4.6,258,0.0,396
2,orta,bulk_buy,1,48,44,2.9,16.4,-12,0.0,396
2,iyi,wide_storage,1,96,-152,-10.2,,-252,0.0,578
2,iyi,packing_station,1,240,-96,-6.4,,-341,0.0,578
2,iyi,extra_hangar,1,320,1488,99.2,3.2,1159,0.0,578
2,iyi,quest_tier,1,90,39,2.6,34.9,-42,0.0,578
2,iyi,cheap_rent,9,408,411,58.7,7.0,2,0.0,578
2,iyi,prestige_broker,9,272,533,76.2,3.6,260,0.0,578
2,iyi,prestige_master,5,600,699,63.6,9.4,97,0.0,578
2,iyi,fast_hangar,5,192,111,10.0,19.1,-78,0.0,578
2,iyi,energetic_crew,1,88,6,0.4,212.9,-84,0.0,578
2,iyi,agile_crew,1,176,334,22.3,7.9,162,0.0,578
2,iyi,patient_customers,1,96,43,2.9,33.2,-53,0.0,578
2,iyi,gambler_case,5,560,1426,129.6,4.3,864,0.0,578
2,iyi,phone_line,1,96,289,19.3,5.0,191,0.0,578
2,iyi,overtime,1,192,-178,-11.9,,-378,0.0,578
2,iyi,leveraged_rent,9,480,557,79.5,6.0,76,0.0,578
2,iyi,high_volatility,5,512,1163,105.7,4.8,650,0.0,578
2,iyi,emergency_brake,1,144,-152,-10.2,,-300,0.0,578
2,iyi,all_in,9,512,975,139.3,3.7,462,0.0,578
2,iyi,bulk_buy,1,48,-152,-10.2,,-204,0.0,578
3,zayif,wide_storage,1,126,189,12.6,10.0,52,10.0,275
3,zayif,packing_station,1,315,451,30.1,10.5,117,27.0,275
3,zayif,extra_hangar,1,420,543,36.2,11.6,106,2.5,275
3,zayif,quest_tier,1,90,143,9.5,9.5,44,6.0,275
3,zayif,cheap_rent,9,522,400,57.1,9.1,-120,6.0,275
3,zayif,prestige_broker,9,348,371,53.0,6.6,25,12.5,275
3,zayif,prestige_master,5,782,894,81.3,9.6,108,16.5,275
3,zayif,fast_hangar,5,252,488,44.4,5.7,236,29.0,275
3,zayif,energetic_crew,1,116,113,7.5,15.4,-4,-4.0,275
3,zayif,agile_crew,1,231,226,15.1,15.3,-5,-5.5,275
3,zayif,patient_customers,1,126,220,14.7,8.6,88,13.5,275
3,zayif,gambler_case,5,724,783,71.2,10.2,57,-4.5,275
3,zayif,phone_line,1,126,237,15.8,8.0,97,12.5,275
3,zayif,overtime,1,252,313,20.9,12.1,43,14.0,275
3,zayif,leveraged_rent,9,602,617,88.1,6.8,13,2.5,275
3,zayif,high_volatility,5,665,756,68.8,9.7,87,7.0,275
3,zayif,emergency_brake,1,189,269,18.0,10.5,90,-52.0,275
3,zayif,all_in,9,642,753,107.6,6.0,107,11.0,275
3,zayif,bulk_buy,1,63,64,4.2,14.9,-6,2.0,275
3,orta,wide_storage,1,126,-3,-0.2,,-135,0.0,623
3,orta,packing_station,1,315,349,23.3,13.5,31,0.0,623
3,orta,extra_hangar,1,420,1437,95.8,4.4,1009,0.0,623
3,orta,quest_tier,1,90,39,2.6,34.9,-41,0.0,623
3,orta,cheap_rent,9,535,597,85.4,6.3,63,0.0,623
3,orta,prestige_broker,9,357,371,53.0,6.7,14,0.0,623
3,orta,prestige_master,5,788,556,50.6,15.6,-233,0.0,623
3,orta,fast_hangar,5,252,-381,-34.6,,-638,0.0,623
3,orta,energetic_crew,1,116,103,6.9,16.9,-7,0.0,623
3,orta,agile_crew,1,231,86,5.7,40.4,-148,0.0,623
3,orta,patient_customers,1,126,79,5.3,24.0,-48,0.0,623
3,orta,gambler_case,5,735,1409,128.1,5.7,673,0.0,623
3,orta,phone_line,1,126,154,10.3,12.3,29,0.0,623
3,orta,overtime,1,252,-26,-1.7,,-275,0.0,623
3,orta,leveraged_rent,9,630,836,119.5,5.3,208,0.0,623
3,orta,high_volatility,5,672,1176,106.9,6.3,501,0.0,623
3,orta,emergency_brake,1,189,-3,-0.2,,-198,0.0,623
3,orta,all_in,9,672,1020,145.7,4.6,349,0.0,623
3,orta,bulk_buy,1,63,-3,-0.2,,-72,0.0,623
3,iyi,wide_storage,1,126,-45,-3.0,,-166,0.0,799
3,iyi,packing_station,1,315,742,49.5,6.4,426,0.0,799
3,iyi,extra_hangar,1,420,2216,147.7,2.8,1797,0.0,799
3,iyi,quest_tier,1,90,-80,-5.3,,-145,0.0,799
3,iyi,cheap_rent,9,535,715,102.2,5.2,180,0.0,799
3,iyi,prestige_broker,9,357,699,99.8,3.6,341,0.0,799
3,iyi,prestige_master,5,788,678,61.6,12.8,-107,0.0,799
3,iyi,fast_hangar,5,252,271,24.7,10.2,25,0.0,799
3,iyi,energetic_crew,1,116,230,15.3,7.6,119,0.0,799
3,iyi,agile_crew,1,231,256,17.1,13.5,31,0.0,799
3,iyi,patient_customers,1,126,-63,-4.2,,-186,0.0,799
3,iyi,gambler_case,5,735,1921,174.7,4.2,1190,0.0,799
3,iyi,phone_line,1,126,183,12.2,10.3,61,0.0,799
3,iyi,overtime,1,252,-109,-7.3,,-358,0.0,799
3,iyi,leveraged_rent,9,630,971,138.8,4.5,341,0.0,799
3,iyi,high_volatility,5,672,1583,143.9,4.7,913,0.0,799
3,iyi,emergency_brake,1,189,-45,-3.0,,-229,0.0,799
3,iyi,all_in,9,672,1361,194.5,3.5,689,0.0,799
3,iyi,bulk_buy,1,63,-45,-3.0,,-103,0.0,799
4,zayif,wide_storage,1,150,144,9.6,15.6,-10,7.0,347
4,zayif,packing_station,1,375,434,28.9,13.0,41,24.0,347
4,zayif,extra_hangar,1,500,567,37.8,13.2,61,5.0,347
4,zayif,quest_tier,1,90,155,10.4,8.7,61,8.0,347
4,zayif,cheap_rent,9,545,465,66.5,8.2,-78,9.0,347
4,zayif,prestige_broker,9,363,406,57.9,6.3,43,11.0,347
4,zayif,prestige_master,5,930,898,81.6,11.4,-34,15.0,347
4,zayif,fast_hangar,5,300,247,22.5,13.3,-53,-1.0,347
4,zayif,energetic_crew,1,138,177,11.8,11.7,37,-0.5,347
4,zayif,agile_crew,1,275,367,24.5,11.2,87,13.0,347
4,zayif,patient_customers,1,150,134,8.9,16.8,-19,5.5,347
4,zayif,gambler_case,5,862,882,80.2,10.7,28,-7.5,347
4,zayif,phone_line,1,150,179,11.9,12.6,28,4.5,347
4,zayif,overtime,1,300,362,24.1,12.4,50,13.5,347
4,zayif,leveraged_rent,9,641,541,77.3,8.3,-100,1.0,347
4,zayif,high_volatility,5,792,767,69.7,11.4,-19,-10.0,347
4,zayif,emergency_brake,1,225,260,17.3,13.0,61,-62.5,347
4,zayif,all_in,9,680,815,116.4,5.8,130,14.0,347
4,zayif,bulk_buy,1,75,55,3.7,20.5,-20,2.5,347
4,orta,wide_storage,1,150,-32,-2.2,,-182,0.0,786
4,orta,packing_station,1,375,335,22.3,16.8,-34,0.0,786
4,orta,extra_hangar,1,500,1802,120.1,4.2,1302,0.0,786
4,orta,quest_tier,1,90,-76,-5.1,,-145,0.0,786
4,orta,cheap_rent,9,637,837,119.5,5.3,201,0.0,786
4,orta,prestige_broker,9,425,415,59.2,7.2,-9,0.0,786
4,orta,prestige_master,5,938,705,64.1,14.6,-237,0.0,786
4,orta,fast_hangar,5,300,-843,-76.7,,-1145,0.0,786
4,orta,energetic_crew,1,138,191,12.7,10.9,54,0.0,786
4,orta,agile_crew,1,275,150,10.0,27.5,-121,0.0,786
4,orta,patient_customers,1,150,-181,-12.0,,-326,0.0,786
4,orta,gambler_case,5,875,1893,172.0,5.1,1014,0.0,786
4,orta,phone_line,1,150,248,16.5,9.1,102,0.0,786
4,orta,overtime,1,300,-45,-3.0,,-348,0.5,786
4,orta,leveraged_rent,9,750,1186,169.4,4.4,438,0.0,786
4,orta,high_volatility,5,800,1448,131.6,6.1,644,0.0,786
4,orta,emergency_brake,1,225,-31,-2.1,,-256,0.0,786
4,orta,all_in,9,800,1276,182.3,4.4,477,0.0,786
4,orta,bulk_buy,1,75,-35,-2.3,,-109,0.0,786
4,iyi,wide_storage,1,150,78,5.2,29.0,-70,0.0,1003
4,iyi,packing_station,1,375,644,42.9,8.7,270,0.0,1003
4,iyi,extra_hangar,1,500,2510,167.4,3.0,2006,0.0,1003
4,iyi,quest_tier,1,90,114,7.6,11.8,61,0.0,1003
4,iyi,cheap_rent,9,637,837,119.6,5.3,200,0.0,1003
4,iyi,prestige_broker,9,425,617,88.1,4.8,191,0.0,1003
4,iyi,prestige_master,5,938,581,52.8,17.8,-357,0.0,1003
4,iyi,fast_hangar,5,300,17,1.5,196.5,-284,0.0,1003
4,iyi,energetic_crew,1,138,-108,-7.2,,-242,0.0,1003
4,iyi,agile_crew,1,275,47,3.1,88.2,-227,0.0,1003
4,iyi,patient_customers,1,150,-216,-14.4,,-363,0.0,1003
4,iyi,gambler_case,5,875,2478,225.3,3.9,1603,0.0,1003
4,iyi,phone_line,1,150,86,5.8,26.0,-63,0.0,1003
4,iyi,overtime,1,300,56,3.8,79.7,-242,0.0,1003
4,iyi,leveraged_rent,9,750,1202,171.8,4.4,452,0.0,1003
4,iyi,high_volatility,5,800,1858,168.9,4.7,1059,0.0,1003
4,iyi,emergency_brake,1,225,80,5.3,42.4,-143,0.0,1003
4,iyi,all_in,9,800,1588,226.9,3.5,787,0.0,1003
4,iyi,bulk_buy,1,75,78,5.2,14.5,5,0.0,1003
