cell,day,alive,money_mean,money_p10,money_p90,prestige_mean,prestige_p10,income_mean,quota,spawned_mean,served_mean,lost_mean,missed_mean,packed_mean,delivered_mean,phone_mean,trucksFull_mean,idle_frac,early_frac,rent_mean
P1_zayif_hic_ev,1,1.00,517,495.00,560.00,12.70,12.20,20.40,4,4,2.78,0.94,0,1.88,0.34,0.08,0.18,0.16,0.94,0
P1_zayif_hic_ev,2,1.00,560.55,485.00,665.00,13.03,12.28,52.68,4,4,2.40,1.38,0,1.80,0.88,0.13,0.50,0.18,0.91,0
P1_zayif_hic_ev,3,1.00,606.28,495.00,725.00,13.26,12.44,62.30,4,4,2.36,1.45,0,1.70,1.04,0.11,0.62,0.17,0.91,0
P1_zayif_hic_ev,4,1.00,376.04,240.00,505.00,13.57,12.64,73.10,4,4,2.41,1.42,0,1.68,1.22,0.16,0.65,0.15,0.99,290
P1_zayif_hic_ev,5,1.00,445.80,299.50,587.10,13.76,12.68,78.74,4.08,4.04,2.18,1.65,0.05,1.45,1.27,0.32,0.72,0.20,0.94,0
P1_zayif_hic_ev,6,1.00,500.86,347.70,646.00,14.06,12.72,60.32,4.10,4.07,2.31,1.57,0.03,1.38,0.97,0.34,0.51,0.21,0.97,0
P1_zayif_hic_ev,7,1.00,550.46,390.00,709.00,14.36,13.04,57.76,4.08,4.06,2.38,1.55,0.01,1.43,0.95,0.32,0.48,0.21,0.98,0
P1_zayif_hic_ev,8,1.00,259.48,69.80,447.00,14.65,13.08,69.38,5,4.95,2.80,1.92,0.05,1.82,1.16,0.32,0.68,0.22,0.94,344.48
P1_zayif_hic_ev,9,1.00,321.62,134.70,502.60,14.34,12.39,76.64,5.16,4.88,2.15,2.49,0.28,2.19,1.30,0.30,0.75,0.16,0.77,0
P1_zayif_hic_ev,10,1.00,394.46,179.70,606.40,14.02,11.92,88.47,5.22,4.92,2.22,2.53,0.30,2.81,1.50,0.14,0.83,0.09,0.75,0
P1_zayif_hic_ev,11,1.00,479.30,261.90,702.70,13.88,11.47,102.38,5.13,4.95,2.34,2.38,0.18,2.66,1.72,0.16,0.97,0.08,0.85,0
P1_zayif_hic_ev,12,1.00,191.59,47.90,415.10,13.78,11.36,103.08,5,5,2.42,2.38,0,2.84,1.74,0.09,1.00,0.05,1,372.58
P1_zayif_hic_ev,13,0.99,312.77,120.00,547.30,13.46,10.90,140.29,6.21,5.57,2.61,2.71,0.64,3.36,2.35,0.11,1.18,0.05,0.40,0
P1_zayif_hic_ev,14,0.99,433.36,214.70,696.00,13.17,10.59,139.01,6.05,5.65,2.63,2.79,0.40,3.43,2.32,0.06,1.21,0.04,0.61,0
P1_zayif_hic_ev,15,0.99,545.83,316.40,848.50,12.88,10.03,135.36,6.19,5.84,2.72,2.89,0.35,3.39,2.29,0.08,1.12,0.04,0.67,0
P1_zayif_hic_ev,16,0.99,253.79,50.00,496.30,12.71,9.59,137.94,6,5.99,2.74,2.97,0.01,3.29,2.35,0.08,1.22,0.04,0.98,410.85
P1_zayif_mantikli_ev,1,1.00,280.32,255.00,320.00,12.36,11.96,24.16,4,4,2.32,1.40,0,1.63,0.40,0.18,0.20,0.20,0.93,0
P1_zayif_mantikli_ev,2,1.00,207.30,170.00,255.30,12.63,11.84,48.02,4,4,2.35,1.46,0,1.62,0.81,0.12,0.43,0.18,0.92,0
P1_zayif_mantikli_ev,3,1.00,217.77,155.00,298.70,13.08,12.08,56.36,4,4,2.62,1.17,0,1.80,0.94,0.12,0.55,0.16,0.88,0
P1_zayif_mantikli_ev,4,1.00,39.79,17.00,53.00,13.46,12.12,75.78,4,4,2.54,1.24,0,1.76,1.27,0.14,0.76,0.14,0.98,191.08
P1_zayif_mantikli_ev,5,1.00,103.34,26.00,206.30,13.89,12.48,74.12,4.08,4.06,2.53,1.28,0.03,1.55,1.18,0.29,0.69,0.19,0.96,0
P1_zayif_mantikli_ev,6,1.00,164.83,50.00,273.20,14.38,12.88,71.31,4.10,4.08,2.60,1.25,0.02,1.63,1.15,0.27,0.66,0.19,0.97,0
P1_zayif_mantikli_ev,7,1.00,206.44,93.90,318.00,14.88,13.08,64.71,4.08,4.06,2.62,1.24,0.02,1.70,1.06,0.29,0.61,0.19,0.98,0
P1_zayif_mantikli_ev,8,1.00,176.54,28.80,306.00,13.99,11.76,79.84,5,4.94,3.06,1.66,0.06,1.86,1.33,0.38,0.77,0.20,0.93,70.30
P1_zayif_mantikli_ev,9,1.00,229.47,76.90,350.00,13.96,11.52,81.64,5.16,4.89,2.48,2.13,0.28,2.47,1.38,0.26,0.72,0.15,0.78,0
P1_zayif_mantikli_ev,10,1.00,300.61,160.70,449.50,13.77,11.24,105.88,5.22,4.92,2.36,2.35,0.30,2.98,1.78,0.15,1.01,0.08,0.76,0
P1_zayif_mantikli_ev,11,1.00,329.02,216.70,419.00,13.66,10.87,110.82,5.13,4.96,2.35,2.38,0.16,2.96,1.89,0.13,1.07,0.07,0.85,0
P1_zayif_mantikli_ev,12,1.00,235.29,27.80,379.00,13.26,10.36,112.58,5,5,2.42,2.35,0,2.96,1.90,0.12,1.14,0.05,1,121.92
P1_zayif_mantikli_ev,13,0.50,262.73,82.00,459.50,13.54,10.60,149.13,6.27,5.62,2.84,2.52,0.65,3.93,2.48,0.06,1.33,0.04,0.46,0
P1_zayif_mantikli_ev,14,0.50,352.51,180.00,497.50,13.27,10.14,152.98,6.07,5.76,2.61,2.86,0.31,3.57,2.52,0.06,1.28,0.04,0.69,0
P1_zayif_mantikli_ev,15,0.50,418.35,277.00,555.00,13.16,9.80,155.56,6.21,5.92,2.79,2.86,0.29,3.63,2.60,0.10,1.34,0.04,0.72,0
P1_zayif_mantikli_ev,16,0.50,281.05,18.50,446.50,13.01,9.78,156.95,6,5.97,3,2.74,0.03,3.55,2.64,0.06,1.28,0.03,0.96,144.56
P1_orta_hic_ev,1,1.00,533.02,495.00,583.50,13.05,12.40,36,4,4,2.91,0.97,0,2.68,0.60,0.78,0.34,0.19,0.93,0
P1_orta_hic_ev,2,1.00,629.78,525.00,740.00,14.18,13.28,103.16,4,4,3.17,0.70,0,2.75,1.72,0.44,1.01,0.16,0.93,0
P1_orta_hic_ev,3,1.00,726.52,599.50,868.00,15.27,14.04,107.52,4,4,3.23,0.64,0,2.89,1.79,0.44,1.09,0.16,0.93,0
P1_orta_hic_ev,4,1.00,545.55,397.20,715.30,16.23,14.80,118.34,4,4,2.92,0.96,0,2.40,1.97,0.67,1.13,0.15,0.99,290
P1_orta_hic_ev,5,1.00,649.81,478.60,838.10,17.16,15.52,111.97,4.08,4.08,2.86,1.14,0.01,2.21,1.77,0.91,1.06,0.17,0.97,0
P1_orta_hic_ev,6,1.00,748.95,527.70,954.50,18.17,15.96,102.57,4.10,4.10,2.84,1.16,0.00,2.17,1.59,0.96,0.98,0.18,0.98,0
P1_orta_hic_ev,7,1.00,854.66,628.90,1086.70,19.16,16.72,110.46,4.08,4.07,2.87,1.12,0.00,2.22,1.70,0.88,1,0.19,0.99,0
P1_orta_hic_ev,8,1.00,616.54,375.90,887.20,20.21,17.68,117.80,5,4.98,3.28,1.62,0.02,2.49,1.84,1.16,1.14,0.18,0.98,348
P1_orta_hic_ev,9,1.00,748.69,461.20,1024.60,20.64,17.92,137.04,5.16,4.95,2.74,2.10,0.22,3.32,2.14,0.76,1.26,0.14,0.82,0
P1_orta_hic_ev,10,1.00,908.61,599.90,1202.30,21.25,18.24,165.18,5.22,4.98,2.98,1.87,0.24,4.21,2.56,0.52,1.56,0.09,0.79,0
P1_orta_hic_ev,11,1.00,1093.16,734.70,1418.50,21.82,18.83,186.69,5.13,5.01,2.78,2.12,0.12,4.06,2.86,0.62,1.79,0.08,0.90,0
P1_orta_hic_ev,12,1.00,853.26,464.60,1236.00,22.50,19.24,178.26,5,5,2.85,2.08,0,4.03,2.70,0.64,1.68,0.07,1,416.54
P1_orta_hic_ev,13,1.00,1082.24,676.90,1506.90,22.93,19.80,236.48,6.22,5.68,3.16,2.37,0.54,5.00,3.52,0.58,2.11,0.08,0.55,0
P1_orta_hic_ev,14,1.00,1320.24,894.00,1776.20,23.62,20.34,241.44,6.05,5.84,3.34,2.39,0.21,4.63,3.55,0.68,2.08,0.08,0.75,0
P1_orta_hic_ev,15,1.00,1550.50,1085.70,2021.30,24.19,20.75,234.01,6.19,6.00,3.25,2.61,0.19,4.89,3.45,0.66,2.04,0.07,0.81,0
P1_orta_hic_ev,16,1.00,1294.09,807.80,1828.60,25.00,21.20,245.14,6,6.00,3.42,2.47,0.00,4.61,3.59,0.67,2.09,0.06,0.99,501
P1_orta_mantikli_ev,1,1.00,298.54,260.00,380.00,13.15,12.40,41.76,4,4,3.15,0.68,0,2.92,0.70,0.52,0.42,0.17,0.90,0
P1_orta_mantikli_ev,2,1.00,256.76,180.00,345.00,14.51,13.60,100.30,4,4,3.47,0.36,0,2.75,1.67,0.38,0.99,0.14,0.94,0
P1_orta_mantikli_ev,3,1.00,265.42,180.00,368.00,15.86,14.76,111.12,4,4,3.62,0.24,0,2.90,1.85,0.46,1.13,0.13,0.96,0
P1_orta_mantikli_ev,4,1.00,58.66,15.90,110.00,17.24,15.88,158.22,4,4,3.51,0.37,0,2.63,2.61,0.48,1.63,0.11,0.98,241.87
P1_orta_mantikli_ev,5,1.00,201.81,71.80,351.50,18.47,16.84,151.99,4.08,4.07,3.26,0.69,0.01,2.59,2.35,0.81,1.40,0.13,0.98,0
P1_orta_mantikli_ev,6,1.00,276.79,142.90,436.90,19.77,17.95,120.78,4.10,4.09,3.19,0.78,0.01,2.46,1.82,0.95,1.06,0.14,0.99,0
P1_orta_mantikli_ev,7,1.00,309.94,206.90,434.10,21.09,19.04,122.98,4.08,4.07,3.22,0.74,0.00,2.37,1.86,0.91,1.12,0.16,1.00,0
P1_orta_mantikli_ev,8,1.00,121.88,29.50,286.20,22.08,19.44,145.06,5,4.99,3.77,1.05,0.01,2.78,2.20,1.06,1.27,0.15,0.99,228.01
P1_orta_mantikli_ev,9,1.00,277.32,110.90,456.30,23.09,20.36,171.35,5.16,5.02,3.32,1.62,0.14,3.87,2.61,0.84,1.56,0.11,0.87,0
P1_orta_mantikli_ev,10,1.00,432.18,245.00,620.10,23.88,20.92,229.56,5.22,5.06,3.04,1.89,0.16,4.59,3.39,0.57,1.99,0.06,0.85,0
P1_orta_mantikli_ev,11,1.00,483.34,309.90,652.70,24.77,21.56,254.76,5.13,5.04,3.13,1.78,0.08,4.65,3.70,0.46,2.16,0.05,0.92,0
P1_orta_mantikli_ev,12,1.00,198.80,37.80,376.20,25.41,21.82,269.11,5,5,3.01,1.86,0,4.70,3.78,0.46,2.24,0.04,1,312.21
P1_orta_mantikli_ev,13,0.94,527.68,302.80,717.20,26.70,22.84,378.21,6.22,5.93,3.62,2.14,0.29,5.70,4.88,0.51,2.60,0.05,0.73,0
P1_orta_mantikli_ev,14,0.94,647.11,467.40,863.20,28.14,24.15,375.35,6.04,5.90,3.81,1.98,0.14,5.60,4.74,0.36,2.38,0.04,0.84,0
P1_orta_mantikli_ev,15,0.94,743.45,464.20,1011.80,29.73,24.96,398.17,6.18,6.06,3.77,2.13,0.12,5.69,4.68,0.46,2.45,0.04,0.85,0
P1_orta_mantikli_ev,16,0.94,461.48,126.40,876.60,31.43,26.40,461.80,6,6,3.89,1.99,0,5.72,5.04,0.35,2.67,0.03,1.00,424.71
P1_iyi_hic_ev,1,1.00,554.48,500.00,620.00,13.66,13.20,55.92,4,4,3.50,0.45,0,3.41,0.93,1.15,0.50,0.17,0.98,0
P1_iyi_hic_ev,2,1.00,698.02,588.00,828.00,15.28,14.28,138.72,4,4,3.32,0.65,0,3.21,2.31,1.01,1.42,0.18,0.95,0
P1_iyi_hic_ev,3,1.00,849.78,707.70,988.50,16.88,15.67,148.28,4,4,3.33,0.64,0,3.16,2.46,1.01,1.51,0.18,0.96,0
P1_iyi_hic_ev,4,1.00,721.86,547.70,868.00,18.38,16.76,159.68,4,4,3.22,0.75,0,2.88,2.56,1.03,1.63,0.15,1.00,290
P1_iyi_hic_ev,5,1.00,890.68,685.90,1065.20,19.80,17.88,162.18,4.08,4.08,3.04,1.02,0.00,2.47,2.44,1.27,1.52,0.18,0.98,0
P1_iyi_hic_ev,6,1.00,1035.76,814.60,1222.40,21.19,18.91,141.41,4.10,4.10,2.99,1.09,0,2.41,2.12,1.40,1.30,0.18,1.00,0
P1_iyi_hic_ev,7,1.00,1175.38,938.70,1396.00,22.59,20.28,137.46,4.08,4.08,3.04,1.00,0,2.54,2.06,1.45,1.26,0.20,0.99,0
P1_iyi_hic_ev,8,1.00,977.74,727.90,1225.30,24.08,21.56,150.74,5,5,3.47,1.49,0,2.87,2.24,1.62,1.41,0.19,1.00,348
P1_iyi_hic_ev,9,1.00,1165.67,872.80,1484.40,25.20,22.28,185.19,5.16,5.03,3.32,1.67,0.13,4.45,2.74,1.04,1.73,0.14,0.87,0
P1_iyi_hic_ev,10,1.00,1440.12,1060.90,1803.00,26.65,23.52,264.58,5.22,5.01,3.68,1.28,0.21,5.78,3.83,0.74,2.44,0.09,0.81,0
P1_iyi_hic_ev,11,1.00,1737.20,1301.90,2169.40,28.33,25.00,280.62,5.13,5.04,3.74,1.24,0.09,5.55,3.97,0.78,2.51,0.09,0.91,0
P1_iyi_hic_ev,12,1.00,1640.27,1164.30,2145.40,30.10,26.84,306.98,5,5,3.85,1.12,0,5.60,4.25,0.72,2.76,0.07,1,418
P1_iyi_hic_ev,13,1.00,2038.13,1475.80,2621.70,31.76,28.36,386.13,6.22,5.76,4.28,1.42,0.45,7.13,5.20,0.76,3.25,0.08,0.57,0
P1_iyi_hic_ev,14,1.00,2437.72,1843.20,3101.20,33.71,29.84,382.29,6.05,5.86,4.46,1.34,0.19,6.63,5.00,0.76,3.12,0.08,0.80,0
P1_iyi_hic_ev,15,1.00,2852.46,2233.60,3528.80,35.61,31.28,400.75,6.19,6,4.54,1.42,0.19,6.88,5.21,0.76,3.32,0.07,0.82,0
P1_iyi_hic_ev,16,1.00,2778.69,2095.80,3541.40,37.68,33.32,413.76,6,5.99,4.70,1.24,0.01,6.76,5.26,0.70,3.26,0.05,0.99,501
P1_iyi_mantikli_ev,1,1.00,305.60,260.00,380.00,13.35,13.16,47.52,4,4,3.11,0.85,0,3.04,0.79,1.14,0.44,0.18,0.97,0
P1_iyi_mantikli_ev,2,1.00,291.91,208.00,393.00,15.31,14.67,131.04,4,4,3.94,0.04,0,3.12,2.18,0.90,1.28,0.13,0.99,0
P1_iyi_mantikli_ev,3,1.00,303.94,201.00,420.30,17.34,16.35,147.04,4,4,3.96,0.01,0,3.24,2.44,0.94,1.56,0.12,1.00,0
P1_iyi_mantikli_ev,4,1.00,108.05,23.00,213.20,19.38,18.08,211.18,4,4,3.94,0.02,0,3.07,3.33,0.94,2.02,0.10,1,271.48
P1_iyi_mantikli_ev,5,1.00,298.48,147.70,442.40,21.27,19.68,191.68,4.08,4.08,3.52,0.54,0.00,3.12,2.85,1.25,1.74,0.13,0.99,0
P1_iyi_mantikli_ev,6,1.00,373.54,229.90,497.30,23.10,21.31,172.95,4.10,4.10,3.43,0.64,0,2.78,2.54,1.31,1.51,0.15,1,0
P1_iyi_mantikli_ev,7,1.00,398.15,261.00,561.00,24.96,22.88,188.47,4.08,4.08,3.41,0.62,0,2.86,2.71,1.34,1.67,0.16,1,0
P1_iyi_mantikli_ev,8,1.00,114.54,20.90,242.20,27.20,24.56,207.68,5,5,4.14,0.81,0,3.36,2.90,1.60,1.72,0.16,1.00,304.53
P1_iyi_mantikli_ev,9,1.00,422.11,209.80,631.30,29.22,25.88,312.94,5.16,5.08,3.88,1.16,0.09,5.03,4.17,1.06,2.46,0.11,0.92,0
P1_iyi_mantikli_ev,10,1.00,653.44,427.50,904.00,31.26,27.64,404.24,5.22,5.08,3.95,1.10,0.14,6.58,5.24,0.70,3.16,0.06,0.86,0
P1_iyi_mantikli_ev,11,1.00,817.96,504.70,1192.40,33.42,29.44,482.08,5.13,5.08,3.93,1.14,0.04,6.42,5.84,0.70,3.60,0.06,0.96,0
P1_iyi_mantikli_ev,12,1.00,478.26,148.50,933.10,35.90,31.39,488.19,5,5,3.87,1.09,0,6.15,5.42,0.74,3.27,0.05,1,378.33
P1_iyi_mantikli_ev,13,1.00,1055.17,599.60,1599.90,38.85,33.92,738.43,6.22,6.05,4.66,1.33,0.17,8.00,6.95,0.74,3.98,0.05,0.81,0
P1_iyi_mantikli_ev,14,1.00,1640.34,949.40,2507.20,41.91,36.80,792.58,6.05,6.00,4.59,1.37,0.05,7.72,7.01,0.69,3.93,0.05,0.94,0
P1_iyi_mantikli_ev,15,1.00,2322.64,1331.40,3432.20,45.08,39.58,802.15,6.19,6.10,4.70,1.34,0.09,7.82,6.81,0.79,3.81,0.05,0.92,0
P1_iyi_mantikli_ev,16,1.00,2839.75,1703.80,4043.60,48.47,42.35,880.21,6,6,4.78,1.20,0,7.85,7.05,0.74,3.96,0.04,1,335.06
P2_zayif_hic_ev,1,1.00,629.76,595.00,671.00,13.41,12.80,36.40,7,7,4.96,1.54,0,3.56,0.56,0.44,0.06,0.19,0.94,0
P2_zayif_hic_ev,2,1.00,731.90,620.00,855.00,14.80,13.96,118.30,7,6.99,5.04,1.50,0.01,3.48,1.82,0.27,0.25,0.15,0.90,0
P2_zayif_hic_ev,3,1.00,863.97,709.00,993.00,16.14,15.03,152.88,7,6.99,5.00,1.46,0.01,3.43,2.35,0.20,0.44,0.14,0.84,0
P2_zayif_hic_ev,4,1.00,375.24,195.00,548.20,17.44,16.40,181.52,8,7.82,5.35,1.80,0.18,3.96,2.76,0.26,0.51,0.14,0.25,647.85
P2_zayif_hic_ev,5,1.00,551.65,346.60,776.00,18.74,17.28,194.44,8.08,8.03,5.36,2.14,0.06,3.39,2.76,0.46,0.54,0.20,0.56,0
P2_zayif_hic_ev,6,1.00,732.65,500.90,973.00,20.03,18.35,194.31,9.10,8.89,5.67,2.53,0.21,3.80,2.71,0.66,0.47,0.22,0.10,0
P2_zayif_hic_ev,7,1.00,890.37,620.00,1162.60,21.53,19.47,168.25,9.16,8.98,6.03,2.46,0.18,3.93,2.36,0.62,0.40,0.23,0.25,0
P2_zayif_hic_ev,8,1.00,311.02,94.30,617.50,23.02,20.71,175.38,9,9.00,5.98,2.54,0.00,3.78,2.48,0.66,0.41,0.22,0.63,734.50
P2_zayif_hic_ev,9,0.99,472.69,186.00,804.60,23.19,20.80,184.28,10.26,9.69,4.90,4.20,0.57,5.02,2.62,0.56,0.42,0.16,0.25,0
P2_zayif_hic_ev,10,0.99,685.36,392.40,1029.60,23.26,20.56,237.47,10.33,9.87,4.97,4.35,0.46,6.02,3.33,0.25,0.67,0.09,0.30,0
P2_zayif_hic_ev,11,0.99,904.83,531.20,1287.50,23.50,20.83,243.34,10.24,9.95,5.19,4.29,0.29,6.13,3.40,0.28,0.73,0.08,0.60,0
P2_zayif_hic_ev,12,0.99,350.12,80.80,756.10,24.00,20.99,262.56,11,10.91,5.83,4.41,0.09,6.92,3.63,0.21,0.72,0.06,0.23,785.56
P2_zayif_hic_ev,13,0.89,623.12,327.20,974.80,24.26,20.98,353.61,11.38,11.04,5.84,4.61,0.34,6.68,4.80,0.12,0.88,0.05,0.51,0
P2_zayif_hic_ev,14,0.89,922.44,610.00,1308.80,24.51,20.94,332.16,11.04,10.89,5.74,4.62,0.16,6.83,4.50,0.14,0.70,0.04,0.73,0
P2_zayif_hic_ev,15,0.89,1246.39,858.00,1659.20,24.59,20.64,363.83,12.31,11.88,6.18,5.00,0.43,7.34,4.97,0.13,0.76,0.04,0.25,0
P2_zayif_hic_ev,16,0.89,489.27,104.40,911.60,25.11,20.94,391.59,12,12,6.57,4.91,0,7.79,5.33,0.13,0.90,0.03,0.51,1107.83
P2_zayif_mantikli_ev,1,1.00,483.96,446.00,581.00,13.26,12.80,34.84,7,7,4.77,1.74,0,3.44,0.54,0.45,0.06,0.19,0.92,0
P2_zayif_mantikli_ev,2,1.00,507.29,415.00,606.00,15.31,14.20,113.36,7,6.99,5.88,0.63,0.01,3.04,1.74,0.27,0.24,0.15,0.89,0
P2_zayif_mantikli_ev,3,1.00,522.93,419.60,640.20,17.06,15.76,142.96,7,7.00,5.61,0.85,0.00,3.39,2.19,0.16,0.36,0.09,0.87,0
P2_zayif_mantikli_ev,4,1.00,94.11,41.00,124.00,18.79,17.32,185.40,8,7.79,5.89,1.13,0.21,4.31,2.76,0.20,0.51,0.08,0.18,469.86
P2_zayif_mantikli_ev,5,1.00,282.57,115.90,446.10,20.65,18.84,203.84,8.08,8.04,6.09,1.36,0.04,3.91,2.83,0.34,0.59,0.13,0.61,0
P2_zayif_mantikli_ev,6,1.00,455.64,230.90,658.10,22.60,20.39,195.78,9.10,8.92,6.54,1.72,0.18,4.18,2.69,0.54,0.51,0.17,0.18,0
P2_zayif_mantikli_ev,7,1.00,570.34,369.90,748.20,24.56,22.36,187.82,9.16,9.00,6.62,1.76,0.15,3.90,2.57,0.57,0.46,0.19,0.40,0
P2_zayif_mantikli_ev,8,1.00,433.11,68.90,719.20,26.20,23.40,202.02,9,8.99,6.65,1.80,0.01,4.12,2.72,0.56,0.47,0.17,0.65,210.76
P2_zayif_mantikli_ev,9,0.53,441.58,122.30,823.70,26.97,23.69,213.05,10.14,9.73,5.92,3.27,0.41,5.12,2.86,0.55,0.49,0.14,0.42,0
P2_zayif_mantikli_ev,10,0.53,620.14,284.10,871.80,28.07,24.52,259.80,10.27,9.88,6.19,3.18,0.39,6.40,3.45,0.22,0.62,0.05,0.42,0
P2_zayif_mantikli_ev,11,0.53,740.95,507.20,975.40,29.23,24.64,288.71,10.21,9.98,6.33,3.07,0.23,6.38,3.77,0.16,0.70,0.04,0.63,0
P2_zayif_mantikli_ev,12,0.53,574.33,44.30,855.80,30.32,25.77,291.32,11,10.93,6.92,3.38,0.07,7.36,3.70,0.18,0.61,0.04,0.39,239.11
P2_zayif_mantikli_ev,13,0.23,660.84,276.40,1025.50,32.08,27.36,385.50,11.38,11.09,7.53,2.95,0.29,6.86,4.86,0.10,0.72,0.03,0.64,0
P2_zayif_mantikli_ev,14,0.23,909.12,646.10,1184.10,33.94,27.87,400.64,11.22,11.07,7.62,2.93,0.16,7.03,4.81,0.09,0.64,0.03,0.78,0
P2_zayif_mantikli_ev,15,0.23,1041.09,824.30,1342.80,35.56,29.00,388.79,12.38,11.90,7.66,3.50,0.48,7.41,4.69,0.07,0.43,0.02,0.38,0
P2_zayif_mantikli_ev,16,0.23,506.59,65.30,1002.70,37.71,31.39,461.09,12,11.98,8.36,2.97,0.02,7.50,5.28,0.10,0.50,0.02,0.74,586.55
P2_orta_hic_ev,1,1.00,691.16,600.00,790.50,14.43,13.96,99.32,7,7,5.76,1.03,0,4.97,1.53,1.54,0.18,0.18,0.99,0
P2_orta_hic_ev,2,1.00,902.44,773.00,1040.00,16.99,16.04,213.18,7,7,5.81,0.99,0,5.00,3.27,1.24,0.72,0.16,0.97,0
P2_orta_hic_ev,3,1.00,1169.43,979.80,1356.20,19.52,18.35,268.40,7,7.00,5.77,1.01,0.00,4.88,3.92,1.17,1.07,0.15,0.97,0
P2_orta_hic_ev,4,1.00,811.28,582.50,1039.20,22.34,20.96,298.52,8,7.97,6.56,1.12,0.03,5.34,4.26,1.32,1.16,0.14,0.79,650
P2_orta_hic_ev,5,1.00,1130.89,847.80,1428.50,25.16,23.43,313.94,8.08,8.08,6.32,1.50,0.01,4.59,4.20,1.79,1.14,0.19,0.89,0
P2_orta_hic_ev,6,1.00,1418.14,1090.50,1762.30,28.25,26.00,279.96,9.10,9.07,6.99,1.75,0.03,5.11,3.61,2.15,0.92,0.20,0.61,0
P2_orta_hic_ev,7,1.00,1710.90,1348.40,2070.40,31.27,28.68,289.91,9.16,9.08,7.04,1.76,0.08,5.29,3.68,2.06,0.96,0.20,0.72,0
P2_orta_hic_ev,8,1.00,1225.20,814.10,1628.60,34.39,31.68,298.86,9,9,7.11,1.66,0,5.34,3.72,1.91,0.89,0.18,0.97,780
P2_orta_hic_ev,9,1.00,1577.30,1126.60,2018.40,36.38,33.27,356.17,10.26,9.91,6.52,3.05,0.35,7.59,4.38,1.55,1.06,0.14,0.48,0
P2_orta_hic_ev,10,1.00,2043.20,1582.90,2572.40,38.53,35.11,470.95,10.35,10.00,6.91,2.79,0.35,9.27,5.64,1.04,1.66,0.08,0.49,0
P2_orta_hic_ev,11,1.00,2557.40,1993.30,3158.60,40.98,37.12,518.62,10.23,10.04,7.22,2.51,0.19,9.13,6.07,1.09,1.79,0.06,0.73,0
P2_orta_hic_ev,12,1.00,2213.46,1544.20,2848.30,43.77,39.88,602.08,11,10.94,8.07,2.51,0.06,10.78,6.82,0.99,2.11,0.05,0.55,936
P2_orta_hic_ev,13,1.00,2921.63,2240.60,3622.70,46.26,42.16,720.68,11.39,11.08,8.08,2.72,0.31,10.60,7.92,0.79,2.33,0.05,0.64,0
P2_orta_hic_ev,14,1.00,3634.67,2856.10,4375.10,48.79,44.19,727.34,11.06,10.95,7.93,2.67,0.11,10.62,7.79,0.84,2.17,0.04,0.84,0
P2_orta_hic_ev,15,1.00,4364.58,3559.20,5194.40,51.32,46.67,747.12,12.30,11.99,8.45,3.15,0.31,11.90,7.88,1,2.14,0.04,0.49,0
P2_orta_hic_ev,16,1.00,4039.10,3214.90,4891.30,54.09,49.24,819.52,12,12,8.74,2.88,0,12.17,8.46,0.82,2.29,0.04,0.76,1123
P2_orta_mantikli_ev,1,1.00,542.52,456.00,588.50,14.36,13.84,94.90,7,7.00,5.73,1.04,0.00,5.01,1.46,1.43,0.20,0.18,0.99,0
P2_orta_mantikli_ev,2,1.00,575.72,466.90,703.20,17.35,16.40,208.12,7,7,6.43,0.35,0,4.78,3.19,1.08,0.77,0.14,0.96,0
P2_orta_mantikli_ev,3,1.00,662.48,525.00,824.50,20.30,18.92,270.46,7,7,6.41,0.33,0,4.96,3.92,1.01,1.08,0.12,0.96,0
P2_orta_mantikli_ev,4,1.00,142.82,47.90,273.00,23.58,22.16,314.04,8,8.00,7.22,0.42,0.00,5.74,4.45,1.20,1.32,0.11,0.80,589.83
P2_orta_mantikli_ev,5,1.00,479.31,274.80,692.10,26.89,25.04,335.52,8.08,8.08,7,0.83,0.00,5.24,4.37,1.78,1.28,0.15,0.95,0
P2_orta_mantikli_ev,6,1.00,709.87,505.70,944.20,30.60,28.48,305.78,9.10,9.09,7.76,1.03,0.01,5.32,3.87,2.20,1.04,0.17,0.84,0
P2_orta_mantikli_ev,7,1.00,767.93,590.90,970.00,34.33,31.75,317.61,9.16,9.11,7.74,1.10,0.05,5.58,3.92,2.07,0.99,0.18,0.81,0
P2_orta_mantikli_ev,8,1.00,239.26,63.60,640.20,37.61,34.55,397.86,9,9,7.44,1.32,0,5.44,4.76,1.95,1.12,0.16,0.97,609.64
P2_orta_mantikli_ev,9,1.00,739.93,439.80,1054.00,40.51,36.43,530.96,10.26,9.95,7.06,2.51,0.31,7.75,6.18,1.65,1.33,0.12,0.63,0
P2_orta_mantikli_ev,10,1.00,1141.15,849.60,1470.40,43.25,38.76,656.38,10.36,10.09,7.19,2.60,0.27,10.01,7.38,1.10,1.65,0.05,0.62,0
P2_orta_mantikli_ev,11,1.00,1333.04,927.00,1815.00,46.15,41.28,755.92,10.23,10.10,7.33,2.47,0.13,10.09,7.94,0.99,1.79,0.05,0.83,0
P2_orta_mantikli_ev,12,1.00,659.68,209.80,1183.00,49.75,44.04,942.46,11,10.97,7.87,2.74,0.03,11.56,9.10,1.02,2.07,0.04,0.78,888.60
P2_orta_mantikli_ev,13,1.00,1641.31,1110.40,2198.60,53.21,46.70,1235.07,11.39,11.24,7.85,3.02,0.15,11.22,10.12,1.02,1.42,0.04,0.86,0
P2_orta_mantikli_ev,14,1.00,2279.76,1459.60,3333.40,56.86,49.77,1246.79,11.07,11.02,7.83,2.88,0.05,11.43,9.80,0.80,1.37,0.03,0.93,0
P2_orta_mantikli_ev,15,1.00,3311.69,1952.20,4763.60,61.35,53.98,1472.54,12.31,12.16,8.65,3.20,0.14,13.09,10.43,0.98,1.53,0.03,0.84,0
P2_orta_mantikli_ev,16,1.00,3863.03,2083.60,5851.00,66.40,58.91,1616.53,12,12,8.90,2.75,0,12.71,10.72,0.91,1.50,0.03,0.98,793.29
P2_iyi_hic_ev,1,1.00,755.88,665.00,860.00,15.31,14.80,160.68,7,7,6.64,0.30,0,6.47,2.47,2.03,0.52,0.18,1,0
P2_iyi_hic_ev,2,1.00,1090.19,914.80,1252.80,18.91,18.04,320.68,7,7,6.54,0.42,0,6.36,4.78,1.88,1.43,0.17,1,0
P2_iyi_hic_ev,3,1.00,1467.30,1256.00,1676.00,22.54,21.32,361.54,7,7,6.52,0.44,0,6.19,5.16,1.82,1.65,0.16,1.00,0
P2_iyi_hic_ev,4,1.00,1271.58,1024.00,1504.50,26.68,25.40,440.22,8,8,7.54,0.40,0,6.88,5.96,2.05,1.91,0.14,0.94,650
P2_iyi_hic_ev,5,1.00,1728.04,1475.90,2002.10,30.86,29.11,432.89,8.08,8.08,7.38,0.66,0,5.78,5.46,2.49,1.79,0.19,0.96,0
P2_iyi_hic_ev,6,1.00,2151.08,1830.00,2501.00,35.22,33.24,398.49,9.10,9.10,7.96,1.06,0,6.28,4.82,2.88,1.47,0.19,0.92,0
P2_iyi_hic_ev,7,1.00,2616.43,2205.80,2998.00,39.45,36.96,441.09,9.16,9.12,7.85,1.19,0.03,6.24,5.17,2.89,1.54,0.20,0.91,0
P2_iyi_hic_ev,8,1.00,2273.22,1867.00,2698.50,43.64,40.99,422.66,9,9,7.76,1.18,0,6.22,4.81,2.81,1.38,0.19,0.99,780
P2_iyi_hic_ev,9,1.00,2816.03,2384.50,3308.00,47.10,43.68,524.11,10.26,9.98,7.59,2.30,0.28,9.91,5.84,2.47,1.76,0.13,0.73,0
P2_iyi_hic_ev,10,1.00,3538.52,3033.70,4093.20,50.88,47.12,702.62,10.35,10.10,8.09,1.90,0.25,11.70,7.52,2.18,2.48,0.08,0.72,0
P2_iyi_hic_ev,11,1.00,4324.38,3742.20,4982.00,54.79,50.96,767.59,10.23,10.13,8.29,1.78,0.10,11.48,7.95,2.13,2.69,0.08,0.84,0
P2_iyi_hic_ev,12,1.00,4284.12,3600.80,5081.10,59.24,55.32,882.54,11,10.99,9.27,1.60,0.01,13.14,8.78,2.22,3.02,0.06,0.82,936
P2_iyi_hic_ev,13,1.00,5364.84,4532.70,6311.30,63.44,59.35,1063.11,11.39,11.20,9.27,1.82,0.19,13.80,10.15,2.05,3.47,0.06,0.79,0
P2_iyi_hic_ev,14,1.00,6431.35,5567.60,7492.60,67.75,63.30,1049.22,11.06,11.02,9.24,1.68,0.04,13.20,9.66,2.05,3.22,0.06,0.89,0
P2_iyi_hic_ev,15,1.00,7638.67,6617.90,8760.70,72.33,67.64,1192.89,12.30,12.12,10.06,1.91,0.18,15.13,10.69,2.26,3.66,0.05,0.74,0
P2_iyi_hic_ev,16,1.00,7767.38,6672.60,8995.00,76.95,72.27,1238.18,12,12,9.99,1.93,0,14.53,10.75,2.24,3.66,0.06,0.96,1123
P2_iyi_mantikli_ev,1,1.00,605.94,521.00,711.00,14.93,14.00,153.40,7,7,6.13,0.80,0,5.91,2.36,2.06,0.48,0.18,1,0
P2_iyi_mantikli_ev,2,1.00,633.80,497.00,777.40,18.77,17.80,285.12,7,7,6.84,0.08,0,6.13,4.25,1.86,1.22,0.14,1.00,0
P2_iyi_mantikli_ev,3,1.00,796.63,611.60,1001.50,22.74,21.72,361.22,7,7,6.89,0.07,0,6.31,5.16,1.96,1.62,0.15,1,0
P2_iyi_mantikli_ev,4,1.00,397.54,127.70,667.50,27.20,25.96,456.38,8,8,7.90,0.05,0,6.94,6.15,2.14,1.96,0.13,0.98,646.87
P2_iyi_mantikli_ev,5,1.00,740.93,519.20,975.10,31.58,29.88,416.02,8.08,8.08,7.40,0.63,0,5.87,5.20,2.96,1.61,0.17,0.99,0
P2_iyi_mantikli_ev,6,1.00,926.33,693.40,1164.00,36.26,34.27,474.36,9.10,9.10,8.16,0.86,0,6.32,5.67,3.28,1.66,0.17,0.97,0
P2_iyi_mantikli_ev,7,1.00,941.18,667.60,1236.20,41.48,39.03,475.84,9.16,9.16,8.07,1.01,0,6.46,5.45,3.25,1.46,0.18,0.95,0
P2_iyi_mantikli_ev,8,1.00,295.08,81.80,582.70,46.66,43.39,566.28,9,9,7.84,1.10,0,6.29,5.75,3.22,1.43,0.17,1,756.28
P2_iyi_mantikli_ev,9,1.00,1116.69,749.90,1548.40,51.82,47.32,853.66,10.26,10.13,8,2.03,0.13,10.25,8.10,2.85,1.93,0.12,0.83,0
P2_iyi_mantikli_ev,10,1.00,1775.94,1270.90,2318.20,57.14,51.76,1164.20,10.35,10.23,8.26,1.90,0.12,12.62,10.57,2.40,2.79,0.07,0.84,0
P2_iyi_mantikli_ev,11,1.00,2453.09,1659.10,3456.80,62.62,56.78,1370.40,10.23,10.19,8.28,1.84,0.04,12.73,10.85,2.32,3,0.06,0.90,0
P2_iyi_mantikli_ev,12,1.00,2708.80,1413.10,3942.10,69.11,62.44,1635.77,11,11,9.14,1.80,0,13.71,11.55,2.44,3.03,0.05,0.98,761.19
P2_iyi_mantikli_ev,13,1.00,4710.88,3256.50,6021.50,75.29,68.55,2163.76,11.39,11.32,9.08,2.15,0.07,15.00,13.36,2.25,2.93,0.05,0.90,0
P2_iyi_mantikli_ev,14,1.00,6714.04,4995.30,8441.50,81.54,74.65,2099.06,11.06,11.05,8.88,2.09,0.01,14.11,12.32,2.43,2.36,0.05,0.98,0
P2_iyi_mantikli_ev,15,1.00,9142.48,7229.50,10778.60,88.38,80.79,2460.72,12.30,12.24,9.86,2.30,0.07,16.02,13.91,2.70,2.87,0.04,0.91,0
P2_iyi_mantikli_ev,16,1.00,11044.34,8870.80,13133.20,94.54,87.63,2581.53,12,12,9.71,2.21,0,16,13.96,2.39,2.87,0.04,1,679.43
P3_zayif_hic_ev,1,1.00,800.48,710.00,880.00,14.46,13.96,90.24,8,7.94,6.39,0.80,0.06,4.81,1.13,1.02,0.08,0.26,0.54,0
P3_zayif_hic_ev,2,1.00,1012.97,859.80,1160.00,16.78,15.80,232.88,8,7.87,6.27,0.87,0.13,4.64,2.91,0.80,0.31,0.23,0.42,0
P3_zayif_hic_ev,3,1.00,1249.26,1032.70,1463.50,18.96,17.68,262.32,8,7.90,6.18,1.03,0.10,4.57,3.18,0.76,0.39,0.22,0.47,0
P3_zayif_hic_ev,4,1.00,384.65,129.80,636.80,21.22,19.72,294.54,8,7.98,6.30,1.02,0.02,4.49,3.47,0.76,0.46,0.21,0.72,1133.86
P3_zayif_hic_ev,5,1.00,647.34,339.50,985.10,23.62,21.76,276.05,9.08,8.98,6.64,1.64,0.10,4.33,3.11,1.32,0.43,0.30,0.16,0
P3_zayif_hic_ev,6,1.00,905.38,509.80,1281.00,25.92,23.56,264.69,9.10,9.05,6.65,1.82,0.05,4.38,2.91,1.32,0.36,0.30,0.42,0
P3_zayif_hic_ev,7,1.00,1189.04,781.10,1612.60,28.11,25.48,289.43,9.16,9.05,6.58,1.92,0.10,4.40,3.16,1.28,0.43,0.29,0.66,0
P3_zayif_hic_ev,8,1.00,287.08,87.80,563.30,30.72,27.75,280.84,10,9.97,7.40,1.91,0.03,5.06,3.04,1.44,0.36,0.31,0.35,1158.92
P3_zayif_hic_ev,9,0.98,556.92,269.00,882.50,31.85,28.50,306.65,10.25,9.92,6.02,3.33,0.33,6.79,3.30,0.86,0.31,0.20,0.44,0
P3_zayif_hic_ev,10,0.98,911.46,529.50,1310.50,33.16,29.66,378.88,10.36,10.09,6.38,3.18,0.27,7.47,4.02,0.65,0.49,0.14,0.58,0
P3_zayif_hic_ev,11,0.98,1274.18,821.00,1786.00,34.63,30.68,392.02,11.24,10.85,6.96,3.24,0.39,8.41,4.11,0.61,0.48,0.13,0.37,0
P3_zayif_hic_ev,12,0.98,515.18,101.50,1337.50,36.45,32.42,434.25,11,10.99,7.36,3.04,0.01,8.70,4.47,0.60,0.53,0.12,0.72,1154.93
P3_zayif_hic_ev,13,0.79,845.29,522.30,1249.90,38.53,34.36,562.19,12.40,11.92,7.86,3.31,0.48,8.85,5.60,0.54,0.58,0.11,0.15,0
P3_zayif_hic_ev,14,0.79,1405.25,1006.00,1833.00,40.30,35.48,600.99,12.04,11.89,7.90,3.27,0.15,8.76,5.92,0.51,0.62,0.09,0.44,0
P3_zayif_hic_ev,15,0.79,1962.17,1478.50,2459.50,41.97,37.00,600.52,12.29,12.02,8.01,3.38,0.27,9.37,5.86,0.47,0.55,0.09,0.59,0
P3_zayif_hic_ev,16,0.79,678.35,217.10,1229.50,44.28,38.67,638.31,13,12.91,9.09,3.17,0.09,10.16,6.17,0.43,0.60,0.08,0.37,1876.85
P3_zayif_mantikli_ev,1,1.00,800.48,710.00,880.00,14.46,13.96,90.24,8,7.94,6.39,0.80,0.06,4.81,1.13,1.02,0.08,0.26,0.54,0
P3_zayif_mantikli_ev,2,1.00,892.38,757.90,1029.50,16.74,15.84,237.18,8,7.87,6.21,0.96,0.13,4.62,2.96,0.82,0.31,0.23,0.45,0
P3_zayif_mantikli_ev,3,1.00,968.49,769.90,1138.90,18.90,17.72,278.36,8,7.92,6.15,1.03,0.08,4.58,3.38,0.78,0.40,0.21,0.56,0
P3_zayif_mantikli_ev,4,1.00,175.74,139.80,215.00,21.17,19.60,328.40,8,7.98,6.40,0.94,0.02,4.58,3.87,0.67,0.50,0.20,0.75,788.96
P3_zayif_mantikli_ev,5,1.00,481.04,262.00,698.20,23.65,21.88,317.84,9.08,9.03,6.82,1.56,0.06,4.63,3.57,1.34,0.46,0.29,0.47,0
P3_zayif_mantikli_ev,6,1.00,743.50,470.30,1037.60,26.18,24.08,273.54,9.10,9.08,6.90,1.64,0.02,4.59,2.99,1.40,0.32,0.30,0.70,0
P3_zayif_mantikli_ev,7,1.00,955.84,646.40,1197.00,28.58,26.00,287.32,9.16,9.10,6.88,1.74,0.06,4.58,3.12,1.24,0.36,0.29,0.82,0
P3_zayif_mantikli_ev,8,1.00,950.44,230.40,1247.30,30.99,27.68,304.40,10,9.99,7.60,1.90,0.01,5.18,3.28,1.54,0.35,0.30,0.66,114.52
P3_zayif_mantikli_ev,9,0.30,880.24,347.00,1403.60,31.94,28.47,299.11,10.12,9.81,6.45,2.60,0.31,6.84,3.25,0.91,0.32,0.19,0.63,0
P3_zayif_mantikli_ev,10,0.30,1135.19,645.00,1547.40,34.08,30.39,414.57,10.35,10.20,7.36,2.23,0.15,8.56,4.37,0.60,0.41,0.13,0.75,0
P3_zayif_mantikli_ev,11,0.30,1319,1026.60,1612.60,36.56,32.81,450.13,11.24,10.99,8.04,2.01,0.25,8.80,4.59,0.65,0.47,0.11,0.64,0
P3_zayif_mantikli_ev,12,0.30,1115.37,124.80,1518.80,39.33,35.18,497.51,11,11,8.21,2.09,0,9.41,4.95,0.65,0.59,0.09,0.89,321.92
P3_zayif_mantikli_ev,13,0.07,821.72,440.10,1434.40,41.74,36.27,564.17,12,11.89,8.89,2.39,0.11,10.33,5.44,0.67,0.17,0.08,0.50,0
P3_zayif_mantikli_ev,14,0.07,1430.44,936.20,1953.60,45.82,40.19,698.89,12.11,12.06,9.72,1.44,0.06,9.56,6.61,0.72,0.44,0.07,0.78,0
P3_zayif_mantikli_ev,15,0.07,1825.17,1513.00,2353.70,49.30,41.66,715.61,12.17,12.06,9.33,2.28,0.11,9.28,6.78,0.33,0.61,0.05,0.78,0
P3_zayif_mantikli_ev,16,0.07,888.50,129.80,1636.20,53.19,44.50,869.33,13,12.94,10.39,1.78,0.06,11.56,7.39,0.22,0.17,0.06,0.61,1210.89
P3_orta_hic_ev,1,1.00,872.86,720.00,1035.00,15.63,15.04,160.32,8,8,7.30,0.34,0,6.80,2.00,2.40,0.24,0.22,0.97,0
P3_orta_hic_ev,2,1.00,1257.99,1030.00,1450.30,19.39,18.36,393.90,8,8,7.31,0.43,0,6.47,4.75,2.21,0.90,0.20,0.92,0
P3_orta_hic_ev,3,1.00,1698.88,1447.80,1932.50,23.15,22.00,447.36,8,8,7.20,0.47,0,6.29,5.24,2.14,1.21,0.19,0.92,0
P3_orta_hic_ev,4,1.00,1045.23,757.00,1358.80,26.89,25.36,492.38,8,8,7.22,0.47,0,6.40,5.52,2.11,1.23,0.18,0.99,1140
P3_orta_hic_ev,5,1.00,1565.95,1195.80,1918.00,30.90,29.23,515.22,9.08,9.08,7.70,1.07,0.00,5.74,5.44,2.92,1.20,0.23,0.83,0
P3_orta_hic_ev,6,1.00,2013.42,1603.80,2425.60,34.77,32.60,433.45,9.10,9.10,7.54,1.26,0,5.74,4.40,2.99,0.80,0.24,0.96,0
P3_orta_hic_ev,7,1.00,2462.81,2010.40,2925.90,38.59,36.12,437.33,9.16,9.14,7.53,1.34,0.01,6.02,4.36,3.00,0.82,0.24,0.92,0
P3_orta_hic_ev,8,1.00,1583.34,1072.20,2068.50,42.85,40.19,492.60,10,10,8.38,1.36,0,6.38,4.84,3.22,0.88,0.23,0.96,1368
P3_orta_hic_ev,9,1.00,2129.71,1631.70,2677.50,45.95,42.88,544.29,10.26,10.07,7.36,2.39,0.19,9.16,5.25,2.56,1.09,0.16,0.80,0
P3_orta_hic_ev,10,1.00,2828.29,2185.90,3417.60,49.20,46.11,706.89,10.35,10.22,7.72,2.21,0.12,10.65,6.62,2.31,1.44,0.12,0.80,0
P3_orta_hic_ev,11,1.00,3628.12,2903.90,4436.40,52.85,49.39,807.24,11.23,11.08,8.50,2.19,0.15,11.65,7.32,2.50,1.62,0.12,0.78,0
P3_orta_hic_ev,12,1.00,2870.65,2115.20,3705.20,56.40,53.15,904.58,11,11,8.40,2.28,0,11.37,7.98,2.39,1.88,0.11,0.97,1642
P3_orta_hic_ev,13,1.00,3974.80,3070.70,4891.60,60.02,56.47,1120.44,12.39,12.18,9.12,2.64,0.21,13.01,9.55,2.58,1.84,0.11,0.64,0
P3_orta_hic_ev,14,1.00,5090.83,4124.90,6101.90,63.73,59.71,1133.76,12.06,12.00,9.02,2.60,0.06,12.62,9.39,2.62,1.77,0.11,0.83,0
P3_orta_hic_ev,15,1.00,6190.70,5098.10,7266.40,67.40,63.20,1117.09,12.30,12.21,9.08,2.76,0.10,12.85,9.10,2.64,1.73,0.10,0.85,0
P3_orta_hic_ev,16,1.00,5467.90,4331.50,6619.00,71.39,67.03,1272.72,13,13.00,9.74,2.93,0.00,14.04,10.12,2.88,1.98,0.10,0.92,1970
P3_orta_mantikli_ev,1,1.00,872.86,720.00,1035.00,15.63,15.04,160.32,8,8,7.30,0.34,0,6.80,2.00,2.40,0.24,0.22,0.97,0
P3_orta_mantikli_ev,2,1.00,1014.48,826.40,1197.10,19.32,18.36,383.58,8,8,7.18,0.47,0,6.31,4.62,2.23,0.86,0.19,0.89,0
P3_orta_mantikli_ev,3,1.00,1095.31,900.30,1305.30,23.02,21.84,452.64,8,8.00,7.14,0.52,0.00,6.21,5.30,2.08,1.13,0.18,0.98,0
P3_orta_mantikli_ev,4,1.00,224.69,46.90,427.30,26.53,24.88,620.04,8,8,7.06,0.61,0,6.16,6.98,2,1.28,0.16,0.99,1059.42
P3_orta_mantikli_ev,5,1.00,757.76,472.30,1101.20,30.49,28.68,526.68,9.08,9.08,7.53,1.29,0,5.86,5.55,3.09,0.90,0.23,0.97,0
P3_orta_mantikli_ev,6,1.00,1130.63,823.00,1457.40,34.17,31.68,443.66,9.10,9.10,7.23,1.60,0,5.84,4.51,3.10,0.71,0.23,0.99,0
P3_orta_mantikli_ev,7,1.00,1287.82,1027.80,1586.00,38.03,34.64,456.15,9.16,9.15,7.40,1.45,0.00,5.88,4.58,3.19,0.66,0.22,0.97,0
P3_orta_mantikli_ev,8,1.00,319.35,46.80,757.90,42.28,38.56,532.83,10,10,8.31,1.47,0,6.49,5.17,3.39,0.70,0.21,1.00,1108.09
P3_orta_mantikli_ev,9,0.98,1054.18,579.90,1538.40,46.00,41.89,773.65,10.27,10.19,7.66,2.17,0.08,9.33,7.22,2.76,1.09,0.14,0.89,0
P3_orta_mantikli_ev,10,0.98,1739.99,1252.90,2158.10,49.86,45.53,945.22,10.33,10.25,8.07,1.88,0.07,11.55,8.59,2.33,1.43,0.09,0.90,0
P3_orta_mantikli_ev,11,0.98,2226.34,1640.30,2895.70,54.00,49.02,1145.79,11.22,11.14,8.80,2.05,0.08,12.77,9.82,2.48,1.64,0.08,0.90,0
P3_orta_mantikli_ev,12,0.98,892.62,243.00,1727.90,58.85,53.40,1221.89,11,11,8.72,1.89,0,12.31,9.71,2.40,1.50,0.08,1,1513.25
P3_orta_mantikli_ev,13,0.98,2429.50,1687.50,3374.90,64.53,57.97,1773.43,12.40,12.32,9.79,2.15,0.08,13.93,11.91,2.72,1.27,0.07,0.88,0
P3_orta_mantikli_ev,14,0.98,3463.13,2267.10,4933.80,70.19,63.38,1819.16,12.06,12.04,9.54,2.18,0.02,13.85,11.56,2.46,1.19,0.07,0.95,0
P3_orta_mantikli_ev,15,0.98,5022.95,3373.80,6968.40,76.43,69.10,2172.42,12.31,12.28,9.70,2.22,0.03,14.34,12.51,2.45,1.33,0.06,0.94,0
P3_orta_mantikli_ev,16,0.98,5823.40,3422.50,8336.10,83.12,74.96,2597.16,13,13,10.38,2.32,0,15.83,13.77,2.55,1.45,0.06,1.00,1414.53
P3_iyi_hic_ev,1,1.00,928.44,795.00,1120.00,16.32,16.00,212.48,8,8,7.86,0.06,0,7.73,2.66,3.10,0.42,0.22,1,0
P3_iyi_hic_ev,2,1.00,1425.08,1195.00,1643.50,20.96,20.27,485.78,8,8,7.85,0.08,0,7.70,5.81,2.94,1.37,0.20,1,0
P3_iyi_hic_ev,3,1.00,2049.65,1790.50,2306.00,25.69,24.84,610.04,8,8,7.84,0.06,0,7.63,6.95,2.88,1.80,0.19,1.00,0
P3_iyi_hic_ev,4,1.00,1577.25,1248.70,1885.00,30.43,29.56,651.94,8,8,7.83,0.09,0,7.59,7.12,2.87,1.90,0.19,1,1140
P3_iyi_hic_ev,5,1.00,2252.60,1934.50,2572.00,35.48,34.00,643.87,9.08,9.08,8.29,0.73,0,6.34,6.53,3.82,1.64,0.24,0.97,0
P3_iyi_hic_ev,6,1.00,2839.66,2419.70,3226.60,40.26,38.28,558.47,9.10,9.10,8.06,0.98,0,6.55,5.44,3.80,1.31,0.23,0.99,0
P3_iyi_hic_ev,7,1.00,3399.84,2877.10,3903.00,45.11,42.72,530.63,9.16,9.15,8.12,0.96,0.00,6.50,5.04,3.90,1.10,0.23,0.97,0
P3_iyi_hic_ev,8,1.00,2655.46,2034.90,3299.00,50.34,47.36,609.16,10,10,8.96,0.96,0,7.25,5.64,4.03,1.37,0.23,1,1368
P3_iyi_hic_ev,9,1.00,3383.22,2754.60,4100.20,54.77,51.71,703.89,10.26,10.16,8.22,1.83,0.09,11.24,6.35,3.62,1.45,0.15,0.89,0
P3_iyi_hic_ev,10,1.00,4362.84,3634.60,5115.60,59.40,55.68,960.09,10.35,10.28,8.54,1.68,0.06,12.47,8.37,3.59,2.17,0.12,0.90,0
P3_iyi_hic_ev,11,1.00,5431.47,4630.70,6260.50,64.65,61.16,1049.26,11.23,11.18,9.52,1.56,0.05,13.31,8.78,3.94,2.29,0.12,0.89,0
P3_iyi_hic_ev,12,1.00,5030.10,4038.90,6057.10,69.81,66.03,1226.40,11,11,9.46,1.47,0,13.58,9.88,3.61,2.66,0.11,1,1642
P3_iyi_hic_ev,13,1.00,6482.86,5355.30,7725.00,75.31,71.00,1431.93,12.39,12.28,10.27,1.91,0.11,15.40,11.07,4.31,2.91,0.12,0.86,0
P3_iyi_hic_ev,14,1.00,7994.54,6763.00,9257.20,80.71,76.36,1493.52,12.06,12.04,10.07,1.85,0.02,14.39,11.10,4.13,2.72,0.11,0.94,0
P3_iyi_hic_ev,15,1.00,9520.33,8089.50,11075.20,86.00,81.31,1511.02,12.30,12.27,10.08,2.10,0.04,15.22,10.97,4.14,2.66,0.11,0.94,0
P3_iyi_hic_ev,16,1.00,9240.44,7623.70,10760.20,91.75,86.32,1677.20,13,13,10.82,2.07,0,15.99,11.78,4.38,2.95,0.11,1,1970
P3_iyi_mantikli_ev,1,1.00,928.44,795.00,1120.00,16.32,16.00,212.48,8,8,7.86,0.06,0,7.73,2.66,3.10,0.42,0.22,1,0
P3_iyi_mantikli_ev,2,1.00,1114.55,909.80,1335.50,20.82,20.04,505.44,8,8,7.69,0.25,0,7.55,6.04,2.91,1.45,0.20,1.00,0
P3_iyi_mantikli_ev,3,1.00,1239.51,1003.70,1490.50,25.50,24.64,590.70,8,8,7.78,0.14,0,7.60,6.74,2.86,1.70,0.18,1,0
P3_iyi_mantikli_ev,4,1.00,650.88,284.80,977.10,30.08,28.88,929.16,8,8,7.79,0.15,0,7.40,10.21,2.72,2.34,0.17,1,1136.13
P3_iyi_mantikli_ev,5,1.00,1257.83,979.60,1564.40,34.73,33.08,649.64,9.08,9.08,7.81,1.21,0,6.51,6.62,3.72,1.23,0.23,1,0
P3_iyi_mantikli_ev,6,1.00,1485.32,1113.00,1837.30,39.25,37.12,589.61,9.10,9.10,7.72,1.32,0,6.54,5.76,3.84,1.00,0.23,1,0
P3_iyi_mantikli_ev,7,1.00,1474.05,1164.00,1840.30,44.35,41.92,591.23,9.16,9.16,7.84,1.25,0,6.62,5.53,3.99,0.90,0.22,1,0
P3_iyi_mantikli_ev,8,1.00,343.58,97.70,716.30,50.02,46.56,699.56,10,10,8.62,1.31,0,7.14,5.84,4.40,0.86,0.20,1,1257.04
P3_iyi_mantikli_ev,9,1.00,1410.58,879.10,1970.30,55.84,51.68,1056.54,10.26,10.25,8.36,1.80,0.01,11.66,8.20,4.00,1.49,0.13,0.97,0
P3_iyi_mantikli_ev,10,1.00,2399.62,1763.40,3128.00,61.96,56.88,1472.26,10.35,10.34,8.65,1.60,0.01,13.02,10.89,3.92,2.30,0.10,0.96,0
P3_iyi_mantikli_ev,11,1.00,3417.78,2443.80,4509.90,68.69,63.02,1793.46,11.23,11.22,9.54,1.62,0.01,14.63,12,4.21,2.43,0.09,0.96,0
P3_iyi_mantikli_ev,12,1.00,3005.86,1543.00,4451.00,75.95,69.64,1963.67,11,11,9.34,1.62,0,14.48,11.98,4.08,2.45,0.09,1,1452.58
P3_iyi_mantikli_ev,13,1.00,5523.56,3602.20,7334.50,83.56,76.58,2788.46,12.39,12.38,9.97,2.29,0.01,16.05,14.60,4.59,2.12,0.09,0.97,0
P3_iyi_mantikli_ev,14,1.00,8185.89,5832.50,10673.20,91.15,84.04,2868.08,12.06,12.06,9.85,2.12,0,15.91,14.13,4.51,1.98,0.09,1.00,0
P3_iyi_mantikli_ev,15,1.00,11069.31,8537.60,13653.10,97.19,92.10,3003.25,12.30,12.30,10.06,2.19,0,16.74,14.24,4.56,1.97,0.08,0.99,0
P3_iyi_mantikli_ev,16,1.00,13012.78,9910.40,15786.60,99.56,99.04,3171.91,13,13,10.48,2.42,0,16.70,14.76,4.86,2.15,0.09,1,1225.94
P4_zayif_hic_ev,1,1.00,940.96,842.00,1060.00,14.92,14.20,87.42,8,7.98,6.75,0.58,0.02,5.28,0.89,1.53,0.03,0.33,0.62,0
P4_zayif_hic_ev,2,1.00,1226.54,1004.50,1470.00,17.50,16.44,310.59,8,7.96,6.33,0.86,0.04,4.89,3.16,1.42,0.24,0.30,0.61,0
P4_zayif_hic_ev,3,1.00,1560.24,1268.00,1862.00,20.18,18.84,358.33,8,7.96,6.52,0.81,0.04,4.92,3.52,1.33,0.31,0.28,0.63,0
P4_zayif_hic_ev,4,1.00,384.25,104.00,684.50,22.74,21.16,435.07,8,7.99,6.44,0.96,0.01,4.64,4.22,1.35,0.37,0.27,0.86,1578.41
P4_zayif_hic_ev,5,1.00,777.65,448.70,1141.70,25.43,23.56,401.66,9.08,9.02,6.80,1.61,0.06,4.50,3.66,1.98,0.33,0.36,0.36,0
P4_zayif_hic_ev,6,1.00,1127.30,718.20,1523.10,28.12,25.64,352.29,9.10,9.09,6.76,1.77,0.01,4.50,3.15,2.02,0.25,0.36,0.61,0
P4_zayif_hic_ev,7,1.00,1458.86,948.10,1953.10,30.59,28.04,336.25,9.16,9.12,6.62,1.96,0.04,4.44,3.01,1.96,0.20,0.36,0.79,0
P4_zayif_hic_ev,8,1.00,367.34,100.90,570.80,33.50,30.36,351.44,10,9.99,7.46,1.95,0.01,5.20,3.13,2.17,0.25,0.37,0.62,1415.36
P4_zayif_hic_ev,9,0.94,644.07,338.30,964.60,35.27,31.94,371.99,10.23,9.96,6.38,2.98,0.26,7.71,3.27,1.54,0.20,0.25,0.57,0
P4_zayif_hic_ev,10,0.94,1109.69,688.80,1557.10,37.06,33.36,491.78,10.36,10.15,6.58,2.94,0.21,8,4.27,1.46,0.32,0.21,0.71,0
P4_zayif_hic_ev,11,0.94,1667.54,1138.00,2266.80,39.00,35.48,587.51,11.24,10.94,7.20,3.09,0.30,9.15,5.03,1.48,0.42,0.21,0.56,0
P4_zayif_hic_ev,12,0.94,939.41,100.00,2171.70,41.22,37.36,652.16,11,11.00,7.48,2.95,0.00,9.07,5.48,1.44,0.42,0.20,0.82,1337.92
P4_zayif_hic_ev,13,0.60,1188.19,808.00,1726.00,43.63,40.00,873.71,12.36,11.97,8,3.32,0.39,9.65,7.13,1.25,0.50,0.18,0.42,0
P4_zayif_hic_ev,14,0.60,2015.92,1393.00,2583.00,45.71,41.68,876.76,12,11.91,8.01,3.33,0.09,10.13,7.03,1.28,0.46,0.18,0.62,0
P4_zayif_hic_ev,15,0.60,2815.75,2065.00,3560.00,47.58,43.24,855.31,12.23,12.07,7.91,3.59,0.16,9.95,6.84,1.36,0.42,0.18,0.76,0
P4_zayif_hic_ev,16,0.60,964.32,268.00,1754.00,49.82,45.44,932.34,13,12.99,8.52,3.85,0.01,11.25,7.39,1.52,0.44,0.18,0.68,2727.22
P4_zayif_mantikli_ev,1,1.00,940.96,842.00,1060.00,14.92,14.20,87.42,8,7.98,6.75,0.58,0.02,5.28,0.89,1.53,0.03,0.33,0.62,0
P4_zayif_mantikli_ev,2,1.00,1194.27,992.70,1412.00,17.50,16.44,317.87,8,7.96,6.35,0.81,0.04,4.92,3.24,1.36,0.23,0.30,0.61,0
P4_zayif_mantikli_ev,3,1.00,1308.18,1085.30,1561.70,20.18,18.88,354.62,8,7.95,6.53,0.75,0.05,4.93,3.48,1.30,0.26,0.28,0.62,0
P4_zayif_mantikli_ev,4,1.00,253.52,208.00,307.10,22.73,21.32,457.74,8,8,6.48,0.84,0,4.75,4.43,1.27,0.37,0.26,0.83,1137.58
P4_zayif_mantikli_ev,5,1.00,668.44,375.90,986.20,25.55,23.56,425.24,9.08,9.05,6.97,1.49,0.03,4.65,3.87,1.96,0.36,0.36,0.56,0
P4_zayif_mantikli_ev,6,1.00,1038.94,656.80,1418.60,28.35,25.76,378.23,9.10,9.09,6.96,1.68,0.01,4.74,3.38,2.02,0.26,0.36,0.79,0
P4_zayif_mantikli_ev,7,1.00,1335.15,955.50,1680.80,31.00,28.24,368.36,9.16,9.12,6.82,1.77,0.04,4.68,3.28,2.01,0.23,0.35,0.85,0
P4_zayif_mantikli_ev,8,1.00,1316.98,308.90,1693.40,33.76,30.60,379.94,10,9.99,7.37,2.01,0.01,5.24,3.37,2.18,0.20,0.37,0.77,172.19
P4_zayif_mantikli_ev,9,0.20,1001.76,335.00,1796.00,36.59,32.80,405.51,9.98,9.84,7.12,2.10,0.14,7.84,3.51,1.59,0.20,0.23,0.76,0
P4_zayif_mantikli_ev,10,0.20,1478.90,929.00,2063.00,39.09,34.56,610.20,10.37,10.24,7.67,2.14,0.14,9.33,5.24,1.10,0.29,0.17,0.71,0
P4_zayif_mantikli_ev,11,0.20,1829.43,1490.00,2284.00,41.43,36.08,660.51,11.08,10.86,7.71,2.49,0.22,9.27,5.63,1.33,0.41,0.19,0.63,0
P4_zayif_mantikli_ev,12,0.20,1572.80,159.00,2148.00,43.97,38.08,719.47,11,11,7.86,2.55,0,9.45,5.86,1.41,0.47,0.17,0.96,497.12
P4_zayif_mantikli_ev,13,0.06,1665.21,867.30,2531.90,47.69,43.07,1162.57,12.71,12.36,9.86,1.71,0.36,11.14,8.50,1.14,0.43,0.13,0.36,0
P4_zayif_mantikli_ev,14,0.06,2303.36,1689.90,2855.50,50.87,45.77,1051.93,12.29,12.07,9.14,2.43,0.21,10.50,7.71,1.50,0.57,0.13,0.64,0
P4_zayif_mantikli_ev,15,0.06,2964.36,2431.80,3533.10,53.85,49.64,1294.29,12.43,12.21,8.36,3.29,0.21,11,9.50,1.36,0.50,0.10,0.79,0
P4_zayif_mantikli_ev,16,0.06,1524.64,274.30,2587.40,57.80,50.40,1600.71,13,13,9.93,2.43,0,11.71,10.57,1.21,0.43,0.11,0.79,2178.64
P4_orta_hic_ev,1,1.00,1100.80,951.50,1256.00,16.14,15.60,248.92,8,8,7.64,0.06,0,7.18,2.54,3.06,0.25,0.26,0.98,0
P4_orta_hic_ev,2,1.00,1617.28,1366.70,1869.00,20.33,19.40,526.24,8,8,7.50,0.20,0,6.90,5.17,2.94,0.78,0.24,0.97,0
P4_orta_hic_ev,3,1.00,2202.80,1886.50,2528.00,24.59,23.24,594.09,8,8,7.47,0.21,0,6.83,5.66,2.89,0.82,0.24,0.96,0
P4_orta_hic_ev,4,1.00,1177.55,807.00,1538.30,28.71,27.32,617.72,8,8,7.39,0.32,0,6.74,5.71,2.85,0.90,0.22,0.99,1630
P4_orta_hic_ev,5,1.00,1798.61,1338.00,2237.20,32.94,30.92,605.73,9.08,9.08,7.64,1.19,0,5.80,5.23,3.64,0.83,0.28,0.92,0
P4_orta_hic_ev,6,1.00,2362.28,1802.60,2886.50,37.13,35.04,543.19,9.10,9.10,7.62,1.18,0,5.88,4.56,3.63,0.63,0.28,0.99,0
P4_orta_hic_ev,7,1.00,2902.52,2212.40,3528.60,41.23,38.80,524.08,9.16,9.15,7.54,1.35,0.01,5.91,4.34,3.74,0.51,0.27,0.96,0
P4_orta_hic_ev,8,1.00,1483.87,723.40,2137.10,45.87,43.08,535.21,10,10,8.43,1.29,0,6.51,4.36,3.98,0.56,0.27,0.99,1949.65
P4_orta_hic_ev,9,1.00,2180.08,1355.00,2959.20,49.32,46.24,692.76,10.26,10.14,7.40,2.43,0.12,10.06,5.56,3.38,0.77,0.19,0.86,0
P4_orta_hic_ev,10,1.00,3098.90,2090.60,3942.40,53.03,49.40,920.96,10.35,10.26,7.75,2.18,0.09,10.74,7.20,3.30,1.14,0.17,0.86,0
P4_orta_hic_ev,11,1.00,4094.46,2933.20,5124.30,57.19,53.39,999.12,11.23,11.16,8.66,2.17,0.07,11.69,7.61,3.56,1.38,0.17,0.83,0
P4_orta_hic_ev,12,1.00,2812.03,1619.00,3932.00,61.21,57.10,1085.70,11,11,8.53,2.12,0,11.53,8.02,3.31,1.28,0.16,1,2347
P4_orta_hic_ev,13,1.00,4214,2920.40,5279.90,65.51,61.63,1411.39,12.39,12.25,9.26,2.66,0.14,12.83,10.09,3.97,1.41,0.15,0.83,0
P4_orta_hic_ev,14,1.00,5599.50,4300.70,6970.10,69.58,65.32,1392.42,12.06,12.03,8.87,2.82,0.03,12.61,9.67,3.82,1.25,0.15,0.94,0
P4_orta_hic_ev,15,1.00,6975.96,5518.00,8321.00,73.61,69.03,1392.51,12.30,12.25,8.94,2.95,0.05,12.72,9.54,3.96,1.20,0.15,0.90,0
P4_orta_hic_ev,16,1.00,5708.38,4174.40,7298.30,78.18,73.48,1577.82,13,13,9.90,2.76,0,14.24,10.57,4.04,1.30,0.14,1.00,2817
P4_orta_mantikli_ev,1,1.00,1100.80,951.50,1256.00,16.14,15.60,248.92,8,8,7.64,0.06,0,7.18,2.54,3.06,0.25,0.26,0.98,0
P4_orta_mantikli_ev,2,1.00,1434.56,1244.90,1628.00,20.28,19.40,531.14,8,8,7.48,0.18,0,6.86,5.22,2.84,0.77,0.23,0.97,0
P4_orta_mantikli_ev,3,1.00,1550.76,1290.90,1856.80,24.44,22.96,598.57,8,8,7.41,0.28,0,6.84,5.72,2.77,0.82,0.23,0.98,0
P4_orta_mantikli_ev,4,1.00,281.25,40.30,513.00,28.46,26.92,819.05,8,8,7.28,0.36,0,6.52,7.58,2.68,1.09,0.21,1,1542.24
P4_orta_mantikli_ev,5,1.00,909.01,502.00,1318.00,32.61,30.40,613.97,9.08,9.08,7.45,1.39,0,6.02,5.30,3.81,0.62,0.27,0.99,0
P4_orta_mantikli_ev,6,1.00,1444.20,994.00,1838.70,36.61,33.72,582.21,9.10,9.10,7.29,1.55,0,6.03,4.91,3.85,0.51,0.27,1,0
P4_orta_mantikli_ev,7,1.00,1709.81,1384.70,2054.40,40.74,37.44,563.80,9.16,9.16,7.36,1.53,0,6.10,4.68,3.98,0.49,0.26,0.98,0
P4_orta_mantikli_ev,8,1.00,433.95,83.60,1207.70,45.16,41.28,653.87,10,10,8.10,1.62,0,6.65,5.27,4.22,0.50,0.25,1,1471.54
P4_orta_mantikli_ev,9,0.97,1275.37,678.00,1903.60,49.33,45.02,906.00,10.24,10.22,7.81,2.14,0.02,10.17,7.09,3.69,0.79,0.16,0.92,0
P4_orta_mantikli_ev,10,0.97,2238.65,1688.40,2809.50,53.67,49.44,1181.89,10.34,10.31,8.18,1.79,0.02,11.52,8.90,3.54,0.97,0.12,0.95,0
P4_orta_mantikli_ev,11,0.97,2832.69,2147.10,3575.80,58.46,54.00,1353.01,11.24,11.19,9.07,1.79,0.05,12.77,9.77,3.80,1.20,0.12,0.92,0
P4_orta_mantikli_ev,12,0.97,1085.67,189.90,2264.40,63.87,59.12,1465.53,11,11,8.99,1.68,0,12.74,9.78,3.60,1.17,0.11,1,2095.86
P4_orta_mantikli_ev,13,0.96,2981.20,1885.00,4255.00,70.23,65.04,2108.70,12.41,12.34,10.05,1.89,0.07,13.85,12.26,3.98,1.05,0.10,0.92,0
P4_orta_mantikli_ev,14,0.96,4217.66,2837.00,6172.00,76.81,70.32,2117.18,12.08,12.05,10.03,1.70,0.02,13.94,11.70,3.77,0.85,0.10,0.98,0
P4_orta_mantikli_ev,15,0.96,5879.25,3801.00,8537.00,84.15,77.24,2455.37,12.32,12.32,10.40,1.56,0,14.35,12.26,3.76,1.02,0.09,0.99,0
P4_orta_mantikli_ev,16,0.96,6041.28,2975.00,9549.00,91.83,84.64,2916.20,13,13,11.09,1.54,0,14.74,13.33,4.00,1.22,0.08,1,2145.47
P4_iyi_hic_ev,1,1.00,1090.37,916.50,1354.00,16.64,16.20,229.71,8,8,7.87,0.03,0,7.75,2.34,3.84,0.33,0.25,1,0
P4_iyi_hic_ev,2,1.00,1741.09,1457.00,2010.00,21.59,20.84,640.12,8,8,7.89,0.04,0,7.74,6.25,3.66,1.06,0.23,1,0
P4_iyi_hic_ev,3,1.00,2502.48,2173.70,2789.50,26.63,25.64,745.12,8,8,7.86,0.06,0,7.70,6.99,3.57,1.45,0.23,1,0
P4_iyi_hic_ev,4,1.00,1682.21,1348.00,1997.80,31.67,30.48,794.91,8,8,7.88,0.03,0,7.71,7.16,3.55,1.46,0.22,1,1630
P4_iyi_hic_ev,5,1.00,2518.96,2053.00,3000.30,36.92,35.36,800.89,9.08,9.08,8.26,0.75,0,6.58,6.74,4.41,1.36,0.26,1.00,0
P4_iyi_hic_ev,6,1.00,3238.82,2727.40,3750.40,41.95,39.96,684.66,9.10,9.10,8.08,0.96,0,6.46,5.58,4.41,1.06,0.26,1,0
P4_iyi_hic_ev,7,1.00,3959.90,3337.80,4568.30,46.99,44.64,683.72,9.16,9.16,8.08,1.02,0,6.61,5.43,4.50,0.88,0.26,0.99,0
P4_iyi_hic_ev,8,1.00,2717.02,1984.70,3371.70,52.43,49.80,697.17,10,10,8.84,1.07,0,7.16,5.46,4.78,0.85,0.26,1,1956
P4_iyi_hic_ev,9,1.00,3662.13,2851.70,4458.60,57.19,54.04,917.24,10.26,10.20,8.30,1.76,0.05,12.63,7.03,4.35,1.28,0.18,0.90,0
P4_iyi_hic_ev,10,1.00,4860.25,3956.00,5777.60,62.14,58.65,1178.26,10.35,10.32,8.47,1.74,0.03,12.91,8.73,4.46,1.81,0.17,0.92,0
P4_iyi_hic_ev,11,1.00,6244.08,5073.10,7271.30,67.77,64.24,1360.12,11.23,11.20,9.57,1.56,0.03,13.83,9.72,4.84,2.13,0.16,0.93,0
P4_iyi_hic_ev,12,1.00,5360.44,4046.40,6630.50,73.26,69.32,1452.30,11,11,9.47,1.47,0,13.86,10.01,4.48,2.08,0.15,1,2347
P4_iyi_hic_ev,13,1.00,7214.16,5811.40,8645.30,79.19,75.00,1832.85,12.39,12.32,10.37,1.88,0.07,15.31,12.15,5.25,2.41,0.15,0.91,0
P4_iyi_hic_ev,14,1.00,9067.27,7411.70,10635.40,84.90,80.00,1836.01,12.06,12.05,9.99,1.96,0.01,15.17,11.76,5.12,2.31,0.15,0.98,0
P4_iyi_hic_ev,15,1.00,10938.23,9202.00,12702.40,90.67,85.39,1856.25,12.30,12.30,10.16,2.06,0.00,15.17,11.63,5.26,2.25,0.15,0.97,0
P4_iyi_hic_ev,16,1.00,10173.15,8294.30,11953.60,96.30,91.72,2043.90,13,13,10.75,2.15,0,16.16,12.44,5.41,2.34,0.15,1,2817
P4_iyi_mantikli_ev,1,1.00,1090.37,916.50,1354.00,16.64,16.20,229.71,8,8,7.87,0.03,0,7.75,2.34,3.84,0.33,0.25,1,0
P4_iyi_mantikli_ev,2,1.00,1542.62,1263.00,1774.50,21.56,20.68,668.10,8,8,7.86,0.06,0,7.70,6.52,3.62,1.19,0.23,1,0
P4_iyi_mantikli_ev,3,1.00,1706.66,1402.20,1973.00,26.56,25.64,723.94,8,8,7.83,0.06,0,7.65,6.79,3.51,1.32,0.22,1.00,0
P4_iyi_mantikli_ev,4,1.00,741.94,317.80,1127.50,31.46,30.32,1177.40,8,8,7.84,0.08,0,7.62,10.65,3.38,1.88,0.19,1,1623.69
P4_iyi_mantikli_ev,5,1.00,1537.77,1100.30,1958.30,36.44,34.75,779.12,9.08,9.08,7.78,1.26,0,6.48,6.57,4.58,0.92,0.25,1,0
P4_iyi_mantikli_ev,6,1.00,1984.44,1593.80,2372.50,41.27,39.04,745.40,9.10,9.10,7.73,1.28,0,6.70,6.07,4.53,0.69,0.25,1,0
P4_iyi_mantikli_ev,7,1.00,1960.39,1519.00,2410.40,46.42,43.76,697.21,9.16,9.16,7.84,1.27,0,6.64,5.49,4.68,0.75,0.23,1,0
P4_iyi_mantikli_ev,8,1.00,436.66,124.50,782.10,52.12,48.76,926.95,10,10,8.59,1.33,0,7.29,6.56,4.99,0.88,0.22,1,1798.76
P4_iyi_mantikli_ev,9,1.00,1703.42,1057.60,2340.40,57.69,53.68,1248.09,10.26,10.25,8.11,2.07,0.00,11.78,8.27,4.84,1.08,0.16,0.98,0
P4_iyi_mantikli_ev,10,1.00,2910.21,2236.00,3642.40,63.69,58.92,1687.67,10.35,10.34,8.52,1.76,0.00,12.88,10.72,4.88,1.78,0.13,0.99,0
P4_iyi_mantikli_ev,11,1.00,4066,2900.50,5341.60,70.32,64.84,2030.38,11.23,11.22,9.37,1.78,0.00,14.35,12.01,5.25,1.82,0.12,0.99,0
P4_iyi_mantikli_ev,12,1.00,2912.74,1077.80,4728.30,77.60,71.51,2239.50,11,11,9.10,1.82,0,14.18,12.19,5.04,1.96,0.12,1,2164.92
P4_iyi_mantikli_ev,13,1.00,5686.22,3469.60,8164.00,85.64,78.78,3228.92,12.39,12.39,10.19,2.12,0,15.90,14.91,5.68,1.54,0.12,0.99,0
P4_iyi_mantikli_ev,14,1.00,8561.69,5383.00,11447.60,93.15,85.62,3247.20,12.07,12.07,9.68,2.29,0,15.83,14.20,5.64,1.52,0.11,1,0
P4_iyi_mantikli_ev,15,1.00,11742.97,7935.20,15160.80,98.30,93.70,3403.08,12.31,12.31,10.01,2.21,0,16.17,14.30,5.94,1.51,0.11,1,0
P4_iyi_mantikli_ev,16,1.00,13584.03,9658.20,17126.80,99.75,99.20,3603.00,13,13,10.49,2.40,0,16.94,15.02,6.06,1.65,0.11,1,1734.37
