variant,P,profile,strategy,events,day,alive,lostAfter,corr_money_final,auc_ratio_loss,ratio_med
wi_norep,1,iyi,acgozlu,on,3,10000,0,0.1045,nan,1.497
wi_norep,1,iyi,acgozlu,on,5,10000,0,0.1271,nan,0.986
wi_norep,1,iyi,acgozlu,on,8,10000,0,0.1732,nan,0.416
wi_norep,1,iyi,acgozlu,on,12,10000,0,0.3625,nan,0.811
wi_norep,1,iyi,hic,on,3,10000,0,0.1252,nan,2.91
wi_norep,1,iyi,hic,on,5,10000,0,0.2203,nan,2.417
wi_norep,1,iyi,hic,on,8,10000,0,0.3865,nan,2.112
wi_norep,1,iyi,hic,on,12,10000,0,0.7119,nan,2.922
wi_norep,1,iyi,mantikli,on,3,10000,0,0.0831,nan,1.407
wi_norep,1,iyi,mantikli,on,5,10000,0,0.2099,nan,0.908
wi_norep,1,iyi,mantikli,on,8,10000,0,0.2113,nan,0.344
wi_norep,1,iyi,mantikli,on,12,10000,0,0.3958,nan,0.797
wi_norep,1,orta,acgozlu,on,3,10000,0,0.0748,nan,1.383
wi_norep,1,orta,acgozlu,on,5,10000,0,0.0744,nan,0.684
wi_norep,1,orta,acgozlu,on,8,10000,0,0.073,nan,0.266
wi_norep,1,orta,acgozlu,on,12,10000,0,0.2072,nan,0.401
wi_norep,1,orta,hic,on,3,10000,2,0.2061,0.659,2.486
wi_norep,1,orta,hic,on,5,10000,2,0.3322,0.7915,1.813
wi_norep,1,orta,hic,on,8,10000,2,0.4959,0.9752,1.333
wi_norep,1,orta,hic,on,12,10000,2,0.7631,0.998,1.489
wi_norep,1,orta,mantikli,on,3,10000,2,0.094,0.7536,1.276
wi_norep,1,orta,mantikli,on,5,10000,2,0.1507,0.9217,0.638
wi_norep,1,orta,mantikli,on,8,10000,2,0.0898,0.124,0.221
wi_norep,1,orta,mantikli,on,12,9999,1,0.2229,0.6664,0.375
wi_norep,1,zayif,acgozlu,on,3,10000,933,0.0513,0.6107,1.21
wi_norep,1,zayif,acgozlu,on,5,10000,933,0.0661,0.6242,0.356
wi_norep,1,zayif,acgozlu,on,8,10000,933,-0.1553,0.3443,0.12
wi_norep,1,zayif,acgozlu,on,12,9789,722,-0.2008,0.4696,0.267
wi_norep,1,zayif,hic,on,3,10000,1998,0.2157,0.6645,2.086
wi_norep,1,zayif,hic,on,5,10000,1998,0.3207,0.7386,1.194
wi_norep,1,zayif,hic,on,8,9999,1997,0.4541,0.8057,0.488
wi_norep,1,zayif,hic,on,12,9462,1460,0.655,0.7624,0.183
wi_norep,1,zayif,mantikli,on,3,10000,1207,0.0585,0.6277,1.121
wi_norep,1,zayif,mantikli,on,5,10000,1207,0.0746,0.5963,0.322
wi_norep,1,zayif,mantikli,on,8,10000,1207,-0.1902,0.3242,0.12
wi_norep,1,zayif,mantikli,on,12,9708,915,-0.2339,0.4899,0.257
wi_norep,2,iyi,acgozlu,on,3,10000,0,-0.0025,nan,1.562
wi_norep,2,iyi,acgozlu,on,5,10000,0,0.3458,nan,1.191
wi_norep,2,iyi,acgozlu,on,8,10000,0,0.1895,nan,0.663
wi_norep,2,iyi,acgozlu,on,12,10000,0,0.6236,nan,1.907
wi_norep,2,iyi,hic,on,3,10000,0,0.0828,nan,2.243
wi_norep,2,iyi,hic,on,5,10000,0,0.1538,nan,2.078
wi_norep,2,iyi,hic,on,8,10000,0,0.3538,nan,2.149
wi_norep,2,iyi,hic,on,12,10000,0,0.6941,nan,3.333
wi_norep,2,iyi,mantikli,on,3,10000,0,0.0266,nan,1.434
wi_norep,2,iyi,mantikli,on,5,10000,0,0.3283,nan,1.217
wi_norep,2,iyi,mantikli,on,8,10000,0,0.1497,nan,0.582
wi_norep,2,iyi,mantikli,on,12,10000,0,0.6324,nan,2.058
wi_norep,2,orta,acgozlu,on,3,10000,0,0.1931,nan,1.374
wi_norep,2,orta,acgozlu,on,5,10000,0,0.1441,nan,0.708
wi_norep,2,orta,acgozlu,on,8,10000,0,0.1937,nan,0.334
wi_norep,2,orta,acgozlu,on,12,10000,0,0.3384,nan,0.613
wi_norep,2,orta,hic,on,3,10000,0,0.1816,nan,1.805
wi_norep,2,orta,hic,on,5,10000,0,0.2879,nan,1.373
wi_norep,2,orta,hic,on,8,10000,0,0.4674,nan,1.131
wi_norep,2,orta,hic,on,12,10000,0,0.7571,nan,1.628
wi_norep,2,orta,mantikli,on,3,10000,0,0.1388,nan,1.32
wi_norep,2,orta,mantikli,on,5,10000,0,0.1763,nan,0.696
wi_norep,2,orta,mantikli,on,8,10000,0,0.1671,nan,0.316
wi_norep,2,orta,mantikli,on,12,10000,0,0.3657,nan,0.604
wi_norep,2,zayif,acgozlu,on,3,10000,145,0.0229,0.7338,1.083
wi_norep,2,zayif,acgozlu,on,5,10000,145,-0.0238,0.6275,0.377
wi_norep,2,zayif,acgozlu,on,8,10000,145,-0.1219,0.1467,0.134
wi_norep,2,zayif,acgozlu,on,12,9963,108,-0.0025,0.5985,0.172
wi_norep,2,zayif,hic,on,3,10000,2206,0.1751,0.6531,1.338
wi_norep,2,zayif,hic,on,5,10000,2206,0.294,0.7523,0.669
wi_norep,2,zayif,hic,on,8,9949,2155,0.3538,0.719,0.179
wi_norep,2,zayif,hic,on,12,8645,851,0.5429,0.6697,0.152
wi_norep,2,zayif,mantikli,on,3,10000,199,0.0192,0.7005,1.075
wi_norep,2,zayif,mantikli,on,5,10000,199,-0.005,0.6061,0.368
wi_norep,2,zayif,mantikli,on,8,10000,199,-0.1456,0.1704,0.134
wi_norep,2,zayif,mantikli,on,12,9959,158,-0.1016,0.5623,0.167
wi_norep,3,iyi,acgozlu,on,3,10000,0,0.1444,nan,1.435
wi_norep,3,iyi,acgozlu,on,5,10000,0,0.296,nan,0.921
wi_norep,3,iyi,acgozlu,on,8,10000,0,0.4235,nan,0.506
wi_norep,3,iyi,acgozlu,on,12,10000,0,0.5513,nan,1.258
wi_norep,3,iyi,hic,on,3,10000,0,0.0648,nan,1.771
wi_norep,3,iyi,hic,on,5,10000,0,0.1515,nan,1.534
wi_norep,3,iyi,hic,on,8,10000,0,0.3714,nan,1.44
wi_norep,3,iyi,hic,on,12,10000,0,0.6957,nan,2.207
wi_norep,3,iyi,mantikli,on,3,10000,0,-0.012,nan,1.402
wi_norep,3,iyi,mantikli,on,5,10000,0,0.3556,nan,1.026
wi_norep,3,iyi,mantikli,on,8,10000,0,0.2345,nan,0.468
wi_norep,3,iyi,mantikli,on,12,10000,0,0.6128,nan,1.458
wi_norep,3,orta,acgozlu,on,3,10000,0,0.1671,nan,1.243
wi_norep,3,orta,acgozlu,on,5,10000,0,0.2026,nan,0.643
wi_norep,3,orta,acgozlu,on,8,10000,0,0.2117,nan,0.266
wi_norep,3,orta,acgozlu,on,12,10000,0,0.3946,nan,0.496
wi_norep,3,orta,hic,on,3,10000,0,0.1484,nan,1.472
wi_norep,3,orta,hic,on,5,10000,0,0.2453,nan,1.05
wi_norep,3,orta,hic,on,8,10000,0,0.4255,nan,0.77
wi_norep,3,orta,hic,on,12,10000,0,0.7316,nan,1.155
wi_norep,3,orta,mantikli,on,3,10000,0,0.0725,nan,1.306
wi_norep,3,orta,mantikli,on,5,10000,0,0.2675,nan,0.688
wi_norep,3,orta,mantikli,on,8,10000,0,0.2317,nan,0.254
wi_norep,3,orta,mantikli,on,12,10000,0,0.4329,nan,0.519
wi_norep,3,zayif,acgozlu,on,3,10000,253,0.0558,0.793,0.942
wi_norep,3,zayif,acgozlu,on,5,10000,253,-0.0088,0.5659,0.317
wi_norep,3,zayif,acgozlu,on,8,10000,253,-0.1668,0.1299,0.129
wi_norep,3,zayif,acgozlu,on,12,9931,184,0.042,0.7036,0.255
wi_norep,3,zayif,hic,on,3,10000,5306,0.1806,0.6398,1.11
wi_norep,3,zayif,hic,on,5,10000,5306,0.2598,0.7038,0.45
wi_norep,3,zayif,hic,on,8,9641,4947,0.1597,0.5483,0.134
wi_norep,3,zayif,hic,on,12,5841,1147,0.3364,0.6057,0.127
wi_norep,3,zayif,mantikli,on,3,10000,5414,0.1395,0.5897,1.079
wi_norep,3,zayif,mantikli,on,5,10000,5414,0.114,0.5967,0.329
wi_norep,3,zayif,mantikli,on,8,9545,4959,0.0076,0.4834,0.123
wi_norep,3,zayif,mantikli,on,12,5383,797,0.2546,0.6772,0.126
wi_norep,4,iyi,acgozlu,on,3,10000,0,0.1532,nan,1.323
wi_norep,4,iyi,acgozlu,on,5,10000,0,0.2623,nan,0.794
wi_norep,4,iyi,acgozlu,on,8,10000,0,0.3717,nan,0.359
wi_norep,4,iyi,acgozlu,on,12,10000,0,0.5832,nan,0.886
wi_norep,4,iyi,hic,on,3,10000,0,0.0601,nan,1.52
wi_norep,4,iyi,hic,on,5,10000,0,0.1469,nan,1.219
wi_norep,4,iyi,hic,on,8,10000,0,0.39,nan,1.028
wi_norep,4,iyi,hic,on,12,10000,0,0.694,nan,1.653
wi_norep,4,iyi,mantikli,on,3,10000,0,0.0136,nan,1.352
wi_norep,4,iyi,mantikli,on,5,10000,0,0.2975,nan,0.88
wi_norep,4,iyi,mantikli,on,8,10000,0,0.3174,nan,0.369
wi_norep,4,iyi,mantikli,on,12,10000,0,0.568,nan,1.019
wi_norep,4,orta,acgozlu,on,3,10000,0,0.1107,nan,1.178
wi_norep,4,orta,acgozlu,on,5,10000,0,0.181,nan,0.564
wi_norep,4,orta,acgozlu,on,8,10000,0,0.2162,nan,0.197
wi_norep,4,orta,acgozlu,on,12,10000,0,0.429,nan,0.386
wi_norep,4,orta,hic,on,3,10000,0,0.1499,nan,1.333
wi_norep,4,orta,hic,on,5,10000,0,0.2478,nan,0.866
wi_norep,4,orta,hic,on,8,10000,0,0.4346,nan,0.518
wi_norep,4,orta,hic,on,12,10000,0,0.7254,nan,0.789
wi_norep,4,orta,mantikli,on,3,10000,1,0.0772,0.3748,1.259
wi_norep,4,orta,mantikli,on,5,10000,1,0.2752,0.9927,0.607
wi_norep,4,orta,mantikli,on,8,10000,1,0.2453,0.5556,0.184
wi_norep,4,orta,mantikli,on,12,9999,0,0.4581,nan,0.409
wi_norep,4,zayif,acgozlu,on,3,10000,274,0.1032,0.7358,0.84
wi_norep,4,zayif,acgozlu,on,5,10000,274,-0.0309,0.5437,0.303
wi_norep,4,zayif,acgozlu,on,8,10000,274,-0.192,0.2071,0.133
wi_norep,4,zayif,acgozlu,on,12,9887,161,0.2169,0.7721,0.275
wi_norep,4,zayif,hic,on,3,10000,6337,0.1821,0.6437,0.971
wi_norep,4,zayif,hic,on,5,10000,6337,0.2145,0.6608,0.366
wi_norep,4,zayif,hic,on,8,8972,5309,0.0316,0.4909,0.124
wi_norep,4,zayif,hic,on,12,4349,686,0.3557,0.651,0.118
wi_norep,4,zayif,mantikli,on,3,10000,6529,0.2081,0.6218,0.971
wi_norep,4,zayif,mantikli,on,5,10000,6529,0.1329,0.5923,0.316
wi_norep,4,zayif,mantikli,on,8,8941,5470,-0.0306,0.4852,0.119
wi_norep,4,zayif,mantikli,on,12,4056,585,0.2864,0.6541,0.11
