group,day,ratio_lo,ratio_hi,n_alive,lost_after,p_lose,ci95_lo,ci95_hi
ALL,3,0.25,0.5,201,19,0.09453,0.06135,0.14291
ALL,3,0.5,0.75,7902,2131,0.26968,0.26001,0.27957
ALL,3,0.75,1.0,41975,12879,0.30683,0.30243,0.31125
ALL,3,1.0,1.25,94660,11297,0.11934,0.11729,0.12142
ALL,3,1.25,1.5,104324,1920,0.0184,0.01761,0.01924
ALL,3,1.5,2.0,74845,1345,0.01797,0.01704,0.01895
ALL,3,2.0,3.0,32481,849,0.02614,0.02446,0.02793
ALL,3,3.0,inf,3612,0,0.0,0.0,0.00106
ALL,5,0,0.25,26918,7207,0.26774,0.26248,0.27306
ALL,5,0.25,0.5,76593,17498,0.22845,0.22549,0.23144
ALL,5,0.5,0.75,74847,3875,0.05177,0.05021,0.05338
ALL,5,0.75,1.0,66911,887,0.01326,0.01242,0.01415
ALL,5,1.0,1.25,47211,621,0.01315,0.01216,0.01422
ALL,5,1.25,1.5,27569,276,0.01001,0.0089,0.01126
ALL,5,1.5,2.0,22766,76,0.00334,0.00267,0.00418
ALL,5,2.0,3.0,16604,0,0.0,0.0,0.00023
ALL,5,3.0,inf,581,0,0.0,0.0,0.00657
ALL,8,0,0.25,145456,24601,0.16913,0.16721,0.17107
ALL,8,0.25,0.5,83121,1380,0.0166,0.01576,0.01749
ALL,8,0.5,0.75,47104,998,0.02119,0.01993,0.02253
ALL,8,0.75,1.0,25510,215,0.00843,0.00738,0.00963
ALL,8,1.0,1.25,16087,5,0.00031,0.00013,0.00073
ALL,8,1.25,1.5,11259,0,0.0,0.0,0.00034
ALL,8,1.5,2.0,14388,0,0.0,0.0,0.00027
ALL,8,2.0,3.0,13477,0,0.0,0.0,0.00028
ALL,8,3.0,inf,357,0,0.0,0.0,0.01065
ALL,12,0,0.25,74928,6349,0.08473,0.08276,0.08675
ALL,12,0.25,0.5,54177,624,0.01152,0.01065,0.01245
ALL,12,0.5,0.75,55814,409,0.00733,0.00665,0.00807
ALL,12,0.75,1.0,36665,72,0.00196,0.00156,0.00247
ALL,12,1.0,1.25,23483,0,0.0,0.0,0.00016
ALL,12,1.25,1.5,19733,0,0.0,0.0,0.00019
ALL,12,1.5,2.0,29398,0,0.0,0.0,0.00013
ALL,12,2.0,3.0,27601,0,0.0,0.0,0.00014
ALL,12,3.0,inf,15215,0,0.0,0.0,0.00025
P1,3,0.5,0.75,131,44,0.33588,0.2607,0.42041
P1,3,0.75,1.0,2967,429,0.14459,0.1324,0.15771
P1,3,1.0,1.25,21014,1009,0.04802,0.04521,0.05099
P1,3,1.25,1.5,19164,478,0.02494,0.02283,0.02725
P1,3,1.5,2.0,20582,1227,0.05962,0.05646,0.06293
P1,3,2.0,3.0,22530,849,0.03768,0.03527,0.04025
P1,3,3.0,inf,3612,0,0.0,0.0,0.00106
P1,5,0,0.25,8202,835,0.1018,0.09545,0.10854
P1,5,0.25,0.5,14155,968,0.06839,0.06434,0.07266
P1,5,0.5,0.75,14417,631,0.04377,0.04055,0.04723
P1,5,0.75,1.0,13194,644,0.04881,0.04526,0.05262
P1,5,1.0,1.25,11637,606,0.05208,0.04818,0.05626
P1,5,1.25,1.5,8071,276,0.0342,0.03045,0.03839
P1,5,1.5,2.0,8869,76,0.00857,0.00685,0.01071
P1,5,2.0,3.0,10875,0,0.0,0.0,0.00035
P1,5,3.0,inf,580,0,0.0,0.0,0.00658
P1,8,0,0.25,34656,2364,0.06821,0.06561,0.07092
P1,8,0.25,0.5,19838,940,0.04738,0.04451,0.05043
P1,8,0.5,0.75,11441,606,0.05297,0.04901,0.05722
P1,8,0.75,1.0,5209,121,0.02323,0.01948,0.02768
P1,8,1.0,1.25,3120,5,0.0016,0.00068,0.00375
P1,8,1.25,1.5,2886,0,0.0,0.0,0.00133
P1,8,1.5,2.0,5988,0,0.0,0.0,0.00064
P1,8,2.0,3.0,6559,0,0.0,0.0,0.00059
P1,8,3.0,inf,303,0,0.0,0.0,0.01252
P1,12,0,0.25,21588,2108,0.09765,0.09376,0.10168
P1,12,0.25,0.5,17602,543,0.03085,0.02839,0.03351
P1,12,0.5,0.75,16103,382,0.02372,0.02148,0.02619
P1,12,0.75,1.0,9313,61,0.00655,0.0051,0.0084
P1,12,1.0,1.25,5151,0,0.0,0.0,0.00075
P1,12,1.25,1.5,3548,0,0.0,0.0,0.00108
P1,12,1.5,2.0,4660,0,0.0,0.0,0.00082
P1,12,2.0,3.0,6510,0,0.0,0.0,0.00059
P1,12,3.0,inf,4583,0,0.0,0.0,0.00084
P2,3,0.25,0.5,12,0,0.0,0.0,0.2425
P2,3,0.5,0.75,737,61,0.08277,0.06497,0.10489
P2,3,0.75,1.0,7073,345,0.04878,0.044,0.05405
P2,3,1.0,1.25,22527,1010,0.04484,0.04221,0.04762
P2,3,1.25,1.5,25813,839,0.0325,0.03041,0.03474
P2,3,1.5,2.0,24475,118,0.00482,0.00403,0.00577
P2,3,2.0,3.0,9363,0,0.0,0.0,0.00041
P2,5,0,0.25,4728,291,0.06155,0.05505,0.06876
P2,5,0.25,0.5,16282,986,0.06056,0.057,0.06433
P2,5,0.5,0.75,18353,881,0.048,0.045,0.05119
P2,5,0.75,1.0,14856,200,0.01346,0.01173,0.01545
P2,5,1.0,1.25,12398,15,0.00121,0.00073,0.002
P2,5,1.25,1.5,9447,0,0.0,0.0,0.00041
P2,5,1.5,2.0,8265,0,0.0,0.0,0.00046
P2,5,2.0,3.0,5670,0,0.0,0.0,0.00068
P2,5,3.0,inf,1,0,0.0,0.0,0.79346
P2,8,0,0.25,30604,1986,0.06489,0.06219,0.06771
P2,8,0.25,0.5,19747,188,0.00952,0.00826,0.01097
P2,8,0.5,0.75,12461,114,0.00915,0.00762,0.01098
P2,8,0.75,1.0,7673,50,0.00652,0.00495,0.00858
P2,8,1.0,1.25,5143,0,0.0,0.0,0.00075
P2,8,1.25,1.5,3212,0,0.0,0.0,0.00119
P2,8,1.5,2.0,4325,0,0.0,0.0,0.00089
P2,8,2.0,3.0,6746,0,0.0,0.0,0.00057
P2,8,3.0,inf,54,0,0.0,0.0,0.06642
P2,12,0,0.25,19765,966,0.04887,0.04596,0.05197
P2,12,0.25,0.5,9649,40,0.00415,0.00305,0.00564
P2,12,0.5,0.75,12295,25,0.00203,0.00138,0.003
P2,12,0.75,1.0,7987,10,0.00125,0.00068,0.0023
P2,12,1.0,1.25,4586,0,0.0,0.0,0.00084
P2,12,1.25,1.5,4831,0,0.0,0.0,0.00079
P2,12,1.5,2.0,9048,0,0.0,0.0,0.00042
P2,12,2.0,3.0,10297,0,0.0,0.0,0.00037
P2,12,3.0,inf,10210,0,0.0,0.0,0.00038
P3,3,0.25,0.5,49,6,0.12245,0.05735,0.24245
P3,3,0.5,0.75,1740,347,0.19943,0.18132,0.21885
P3,3,0.75,1.0,12501,3945,0.31557,0.30749,0.32378
P3,3,1.0,1.25,25619,6143,0.23978,0.23459,0.24505
P3,3,1.25,1.5,28636,527,0.0184,0.01691,0.02003
P3,3,1.5,2.0,20867,0,0.0,0.0,0.00018
P3,3,2.0,3.0,588,0,0.0,0.0,0.00649
P3,5,0,0.25,6286,2542,0.40439,0.39232,0.41658
P3,5,0.25,0.5,21078,6981,0.3312,0.32488,0.33758
P3,5,0.5,0.75,18741,1406,0.07502,0.07134,0.07888
P3,5,0.75,1.0,18363,39,0.00212,0.00155,0.0029
P3,5,1.0,1.25,13611,0,0.0,0.0,0.00028
P3,5,1.25,1.5,6485,0,0.0,0.0,0.00059
P3,5,1.5,2.0,5377,0,0.0,0.0,0.00071
P3,5,2.0,3.0,59,0,0.0,0.0,0.06113
P3,8,0,0.25,37488,9910,0.26435,0.25991,0.26884
P3,8,0.25,0.5,21182,121,0.00571,0.00478,0.00682
P3,8,0.5,0.75,12166,119,0.00978,0.00818,0.01169
P3,8,0.75,1.0,6568,23,0.0035,0.00233,0.00525
P3,8,1.0,1.25,3814,0,0.0,0.0,0.00101
P3,8,1.25,1.5,3848,0,0.0,0.0,0.001
P3,8,1.5,2.0,3967,0,0.0,0.0,0.00097
P3,8,2.0,3.0,172,0,0.0,0.0,0.02185
P3,12,0,0.25,17134,2042,0.11918,0.11441,0.12412
P3,12,0.25,0.5,10355,23,0.00222,0.00148,0.00333
P3,12,0.5,0.75,12739,2,0.00016,4e-05,0.00057
P3,12,0.75,1.0,8862,1,0.00011,2e-05,0.00064
P3,12,1.0,1.25,7229,0,0.0,0.0,0.00053
P3,12,1.25,1.5,6131,0,0.0,0.0,0.00063
P3,12,1.5,2.0,8823,0,0.0,0.0,0.00044
P3,12,2.0,3.0,9412,0,0.0,0.0,0.00041
P3,12,3.0,inf,415,0,0.0,0.0,0.00917
P4,3,0.25,0.5,140,13,0.09286,0.05507,0.15239
P4,3,0.5,0.75,5294,1679,0.31715,0.30475,0.32982
P4,3,0.75,1.0,19434,8160,0.41988,0.41296,0.42684
P4,3,1.0,1.25,25500,3135,0.12294,0.11897,0.12703
P4,3,1.25,1.5,30711,76,0.00247,0.00198,0.0031
P4,3,1.5,2.0,8921,0,0.0,0.0,0.00043
P4,5,0,0.25,7702,3539,0.45949,0.44838,0.47064
P4,5,0.25,0.5,25078,8563,0.34145,0.33561,0.34735
P4,5,0.5,0.75,23336,957,0.04101,0.03854,0.04363
P4,5,0.75,1.0,20498,4,0.0002,8e-05,0.0005
P4,5,1.0,1.25,9565,0,0.0,0.0,0.0004
P4,5,1.25,1.5,3566,0,0.0,0.0,0.00108
P4,5,1.5,2.0,255,0,0.0,0.0,0.01484
P4,8,0,0.25,42708,10341,0.24213,0.23809,0.24622
P4,8,0.25,0.5,22354,131,0.00586,0.00494,0.00695
P4,8,0.5,0.75,11036,159,0.01441,0.01235,0.01681
P4,8,0.75,1.0,6060,21,0.00347,0.00227,0.00529
P4,8,1.0,1.25,4010,0,0.0,0.0,0.00096
P4,8,1.25,1.5,1313,0,0.0,0.0,0.00292
P4,8,1.5,2.0,108,0,0.0,0.0,0.03435
P4,12,0,0.25,16441,1233,0.075,0.07107,0.07912
P4,12,0.25,0.5,16571,18,0.00109,0.00069,0.00172
P4,12,0.5,0.75,14677,0,0.0,0.0,0.00026
P4,12,0.75,1.0,10503,0,0.0,0.0,0.00037
P4,12,1.0,1.25,6517,0,0.0,0.0,0.00059
P4,12,1.25,1.5,5223,0,0.0,0.0,0.00073
P4,12,1.5,2.0,6867,0,0.0,0.0,0.00056
P4,12,2.0,3.0,1382,0,0.0,0.0,0.00277
P4,12,3.0,inf,7,0,0.0,0.0,0.35434
iyi,3,0.5,0.75,3,0,0.0,0.0,0.56151
iyi,3,0.75,1.0,466,0,0.0,0.0,0.00818
iyi,3,1.0,1.25,14018,0,0.0,0.0,0.00027
iyi,3,1.25,1.5,41865,0,0.0,0.0,9e-05
iyi,3,1.5,2.0,43887,0,0.0,0.0,9e-05
iyi,3,2.0,3.0,16749,0,0.0,0.0,0.00023
iyi,3,3.0,inf,3012,0,0.0,0.0,0.00127
iyi,5,0,0.25,375,0,0.0,0.0,0.01014
iyi,5,0.25,0.5,2196,0,0.0,0.0,0.00175
iyi,5,0.5,0.75,12638,0,0.0,0.0,0.0003
iyi,5,0.75,1.0,30585,0,0.0,0.0,0.00013
iyi,5,1.0,1.25,28943,0,0.0,0.0,0.00013
iyi,5,1.25,1.5,17369,0,0.0,0.0,0.00022
iyi,5,1.5,2.0,13803,0,0.0,0.0,0.00028
iyi,5,2.0,3.0,13530,0,0.0,0.0,0.00028
iyi,5,3.0,inf,561,0,0.0,0.0,0.0068
iyi,8,0,0.25,12990,0,0.0,0.0,0.0003
iyi,8,0.25,0.5,32868,0,0.0,0.0,0.00012
iyi,8,0.5,0.75,23258,0,0.0,0.0,0.00017
iyi,8,0.75,1.0,12682,0,0.0,0.0,0.0003
iyi,8,1.0,1.25,8587,0,0.0,0.0,0.00045
iyi,8,1.25,1.5,6327,0,0.0,0.0,0.00061
iyi,8,1.5,2.0,10230,0,0.0,0.0,0.00038
iyi,8,2.0,3.0,12703,0,0.0,0.0,0.0003
iyi,8,3.0,inf,355,0,0.0,0.0,0.01071
iyi,12,0,0.25,1035,0,0.0,0.0,0.0037
iyi,12,0.25,0.5,5573,0,0.0,0.0,0.00069
iyi,12,0.5,0.75,11871,0,0.0,0.0,0.00032
iyi,12,0.75,1.0,15051,0,0.0,0.0,0.00026
iyi,12,1.0,1.25,14282,0,0.0,0.0,0.00027
iyi,12,1.25,1.5,12584,0,0.0,0.0,0.00031
iyi,12,1.5,2.0,20261,0,0.0,0.0,0.00019
iyi,12,2.0,3.0,24160,0,0.0,0.0,0.00016
iyi,12,3.0,inf,15183,0,0.0,0.0,0.00025
orta,3,0.5,0.75,48,0,0.0,0.0,0.0741
orta,3,0.75,1.0,2983,3,0.00101,0.00034,0.00295
orta,3,1.0,1.25,34484,6,0.00017,8e-05,0.00038
orta,3,1.25,1.5,47749,3,6e-05,2e-05,0.00018
orta,3,1.5,2.0,24256,0,0.0,0.0,0.00016
orta,3,2.0,3.0,9880,0,0.0,0.0,0.00039
orta,3,3.0,inf,600,0,0.0,0.0,0.00636
orta,5,0,0.25,1897,0,0.0,0.0,0.00202
orta,5,0.25,0.5,15391,10,0.00065,0.00035,0.0012
orta,5,0.5,0.75,40089,2,5e-05,1e-05,0.00018
orta,5,0.75,1.0,30003,0,0.0,0.0,0.00013
orta,5,1.0,1.25,14522,0,0.0,0.0,0.00026
orta,5,1.25,1.5,7444,0,0.0,0.0,0.00052
orta,5,1.5,2.0,7583,0,0.0,0.0,0.00051
orta,5,2.0,3.0,3051,0,0.0,0.0,0.00126
orta,5,3.0,inf,20,0,0.0,0.0,0.16113
orta,8,0,0.25,39859,7,0.00018,9e-05,0.00036
orta,8,0.25,0.5,39000,0,0.0,0.0,0.0001
orta,8,0.5,0.75,15044,4,0.00027,0.0001,0.00068
orta,8,0.75,1.0,9380,0,0.0,0.0,0.00041
orta,8,1.0,1.25,6959,0,0.0,0.0,0.00055
orta,8,1.25,1.5,4836,0,0.0,0.0,0.00079
orta,8,1.5,2.0,4145,0,0.0,0.0,0.00093
orta,8,2.0,3.0,774,0,0.0,0.0,0.00494
orta,8,3.0,inf,2,0,0.0,0.0,0.65763
orta,12,0,0.25,11539,3,0.00026,9e-05,0.00076
orta,12,0.25,0.5,35084,0,0.0,0.0,0.00011
orta,12,0.5,0.75,29037,0,0.0,0.0,0.00013
orta,12,0.75,1.0,15503,0,0.0,0.0,0.00025
orta,12,1.0,1.25,9086,0,0.0,0.0,0.00042
orta,12,1.25,1.5,7132,0,0.0,0.0,0.00054
orta,12,1.5,2.0,9137,0,0.0,0.0,0.00042
orta,12,2.0,3.0,3441,0,0.0,0.0,0.00112
orta,12,3.0,inf,32,0,0.0,0.0,0.10718
zayif,3,0.25,0.5,201,19,0.09453,0.06135,0.14291
zayif,3,0.5,0.75,7851,2131,0.27143,0.26171,0.28138
zayif,3,0.75,1.0,38526,12876,0.33422,0.32952,0.33894
zayif,3,1.0,1.25,46158,11291,0.24462,0.24072,0.24856
zayif,3,1.25,1.5,14710,1917,0.13032,0.12498,0.13586
zayif,3,1.5,2.0,6702,1345,0.20069,0.19127,0.21045
zayif,3,2.0,3.0,5852,849,0.14508,0.13629,0.15433
zayif,5,0,0.25,24646,7207,0.29242,0.28677,0.29813
zayif,5,0.25,0.5,59006,17488,0.29638,0.29271,0.30007
zayif,5,0.5,0.75,22120,3873,0.17509,0.17014,0.18016
zayif,5,0.75,1.0,6323,887,0.14028,0.13194,0.14906
zayif,5,1.0,1.25,3746,621,0.16578,0.15421,0.17803
zayif,5,1.25,1.5,2756,276,0.10015,0.08949,0.11192
zayif,5,1.5,2.0,1380,76,0.05507,0.04422,0.06839
zayif,5,2.0,3.0,23,0,0.0,0.0,0.14312
zayif,8,0,0.25,92607,24594,0.26557,0.26274,0.26843
zayif,8,0.25,0.5,11253,1380,0.12263,0.1167,0.12882
zayif,8,0.5,0.75,8802,994,0.11293,0.10648,0.11971
zayif,8,0.75,1.0,3448,215,0.06235,0.05476,0.07092
zayif,8,1.0,1.25,541,5,0.00924,0.00395,0.02145
zayif,8,1.25,1.5,96,0,0.0,0.0,0.03848
zayif,8,1.5,2.0,13,0,0.0,0.0,0.2281
zayif,12,0,0.25,62354,6346,0.10177,0.09943,0.10417
zayif,12,0.25,0.5,13520,624,0.04615,0.04274,0.04982
zayif,12,0.5,0.75,14906,409,0.02744,0.02494,0.03019
zayif,12,0.75,1.0,6111,72,0.01178,0.00937,0.01481
zayif,12,1.0,1.25,115,0,0.0,0.0,0.03233
zayif,12,1.25,1.5,17,0,0.0,0.0,0.18432
